date,target_swe,ERA5,BiLSTM_avg,Transformer_avg
2022-01-01,,65.27209847803962,65.00108283396614,81.93002656336678
2022-01-02,,65.2652459960125,65.51297097016791,80.71460588981132
2022-01-03,,65.3576866570215,66.0217455330591,79.92516979605959
2022-01-04,,65.5980662988231,66.8054710076854,76.95558001265977
2022-01-05,,71.32602888672184,71.00874716369938,56.873985448764074
2022-01-06,,72.78754117965721,74.84352491378806,80.90261962890648
2022-01-07,,73.94737464750908,77.08357269133232,92.11765968168876
2022-01-08,,74.71305470609015,83.99555039548224,91.58381505154912
2022-01-09,,75.11399275103138,89.69736429491566,92.00144087114856
2022-01-10,103.0,75.6443816445635,90.39246037228567,92.69134781582815
2022-01-11,,75.72990197718866,90.36909417689569,92.0813967663122
2022-01-12,,75.74106270286642,90.32762581321798,91.835523380967
2022-01-13,,75.85758882050527,90.32452664856923,91.35476327424063
2022-01-14,,77.11437473208686,91.03251476199408,90.13202266604682
2022-01-15,,82.8542782787654,96.03866815608474,66.46791791957351
2022-01-16,,84.79692301026608,99.08096975556637,100.80146078339841
2022-01-17,,89.68579578163019,104.18708362342707,108.35442905189386
2022-01-18,,91.7994472552028,106.01399937159684,78.33695717341568
2022-01-19,,92.13294602158044,107.00817795517419,110.33408928635095
2022-01-20,113.0,92.51264815687333,106.25909800886306,109.47822451948318
2022-01-21,,92.6212023275995,105.28969044863223,108.85816197573183
2022-01-22,,92.73338627840926,105.30337901141097,108.48183159853866
2022-01-23,,92.765172296525,105.2859055576334,107.99988813972568
2022-01-24,,92.79224299284984,105.40299815032054,107.9492256054597
2022-01-25,,92.86002150319692,105.6822217061388,107.7853768422472
2022-01-26,,93.857736101705,106.65815562303678,106.80842732484953
2022-01-27,,95.94547026701674,109.42648776121841,102.17871563978896
2022-01-28,,96.0002901232334,110.46325208307226,113.27645436883886
2022-01-29,,96.00975468999358,110.66024049169036,112.54153359776947
2022-01-30,,96.04371179152392,110.50584443617724,110.13972714949512
2022-01-31,115.0,96.1006348847984,110.46733257766948,109.89080193039165
2022-02-01,,96.11749470443932,110.51880848617762,111.3677348396322
2022-02-02,,96.12580588313553,110.54069540950272,111.0960333153865
2022-02-03,,96.14035892664845,110.5537084597295,110.74259376704151
2022-02-04,,96.15263911721183,110.54781371590568,110.59265223977043
2022-02-05,,96.16190014490198,110.60423946985316,110.61143131860804
2022-02-06,,96.17295910104464,110.60930935128879,110.73902603372287
2022-02-07,,96.1804561234604,110.61559253703463,110.8260491944443
2022-02-08,,96.7313685398955,111.14016160782762,110.95558194931932
2022-02-09,,97.27851548353344,111.79733567396313,111.0512882725349
2022-02-10,118.0,97.3863572675142,109.04167552770707,113.33930698217485
2022-02-11,,97.3965002978414,106.25037984496055,112.86938428526817
2022-02-12,,97.64827812756934,106.0298893794004,111.79577339734473
2022-02-13,,100.17718322734764,108.50617721538474,108.83391678790977
2022-02-14,,102.47663194875362,111.8507282469714,114.96863844136837
2022-02-15,130.0,107.0323451855237,121.79970415616579,122.86475084806031
2022-02-16,,109.30150050866138,124.01750221001635,126.26496829735765
2022-02-17,,109.60541826351616,122.55814815624687,126.96261621578667
2022-02-18,,109.51653953623416,123.05990634989382,125.69874855112673
2022-02-19,,109.46321229986496,122.71907472662278,123.95558004431078
2022-02-20,130.0,109.4623642204062,122.43974497296968,122.97488214948335
2022-02-21,,109.4028290423986,122.0924862537023,122.61777807804313
2022-02-22,,109.29705657229728,121.61369837985345,122.38859805331535
2022-02-23,,109.90187291913352,121.58755960278832,122.39786538892113
2022-02-24,,110.41689461287228,121.6083072524902,121.41532562788693
2022-02-25,120.0,110.372048171091,121.60682228379241,125.83946378998749
2022-02-26,,112.7652266342834,123.54325044943842,126.2249871094421
2022-02-27,,113.05133472050343,123.46144691075001,120.56447057689343
2022-02-28,122.0,113.03762975644926,123.84871087980132,129.8309340090738
2022-03-01,,113.32826115542652,124.11567408496144,128.60267769747972
2022-03-02,,113.11812110967035,123.24959789342279,126.38509155339594
2022-03-03,,113.03063263215142,123.02281278885918,125.4008003643902
2022-03-04,,113.04342550457858,123.27423452557468,128.72626260937596
2022-03-05,135.0,113.05506447991368,123.35233725747105,127.4500382347965
2022-03-06,,112.6597316435314,122.32313405785331,117.21663052353628
2022-03-07,,113.53458564813168,121.968475835872,92.83521316583187
2022-03-08,,112.35161034936596,122.36814072007823,118.33693692559886
2022-03-09,,112.32160902497276,125.07880983826621,131.0037371682833
2022-03-10,132.0,112.2611909732332,127.41220873446366,130.3356408938875
2022-03-11,,112.1941572448326,127.45729048457868,127.17333700862653
2022-03-12,,112.2120118791702,127.49184986897733,127.47263390370634
2022-03-13,,111.40268384410358,126.4826236863277,111.96653791858174
2022-03-14,,110.44424922680275,125.42599361156837,89.60652950024026
2022-03-15,135.0,110.20319243162706,125.7126980850084,128.8943606445177
2022-03-16,,110.1356663738005,125.7907122646086,128.0596255336516
2022-03-17,,110.1119191716462,125.61284557087716,126.0036334584504
2022-03-18,,110.10094945662446,125.43616292708346,124.92081735365817
2022-03-19,,110.08957972394418,124.2356183515687,123.66223425733043
2022-03-20,127.0,110.0925721637362,123.42883067051109,124.83626990238365
2022-03-21,,110.04462389323804,123.91634573314282,123.29813856456371
2022-03-22,,109.6328287916759,123.87700756364856,108.29414971643482
2022-03-23,,108.94583692630802,123.59257822116885,93.32701468249832
2022-03-24,,108.27123791570872,123.32436711187572,123.89552990789623
2022-03-25,140.0,107.90194469037029,123.28568549694987,126.72709346356365
2022-03-26,,107.92352256599152,123.3946018201419,126.68068618598663
2022-03-27,,107.18028206371004,122.38511204265292,113.61396381400759
2022-03-28,,106.19844641338253,121.04896158824825,85.08320631633663
2022-03-29,,106.56752424459714,122.03352117758054,125.24324331503172
2022-03-30,,106.48129736123217,122.13318258462084,124.39456659493578
2022-03-31,138.0,107.12572580919807,122.72671114550178,125.94288241015022
2022-04-01,,108.25286787400334,121.814647086955,121.58241136918157
2022-04-02,,109.8481921449354,99.59613816887644,89.36178810745982
2022-04-03,,112.07892908122088,88.24399827982927,90.54968790080095
2022-04-04,,114.7434620902902,90.86616983870329,93.18308840254606
2022-04-05,48.0,117.92127160384346,94.04721726729562,96.35111741377999
2022-04-06,,122.27674848953906,98.40890943924609,100.91080496231737
2022-04-07,,126.18818269627344,105.93748289006007,104.69686380284084
2022-04-08,,128.50897745426948,117.8727286749726,115.16427282627876
2022-04-09,,131.04956653035848,116.45783479131428,110.61273524678913
2022-04-10,,133.4141632219686,120.46942903007407,151.84124452079672
2022-04-11,,135.09168342909075,121.01840810140826,138.93879937490678
2022-04-12,,136.22634890293614,116.805037715192,115.57893069004551
2022-04-13,,136.8731928421481,116.26806054844693,116.64035840763881
2022-04-14,,137.1549129708475,115.21608087856234,117.06313917476595
2022-04-15,,137.25949451062328,114.44359447095044,117.60523540112622
2022-04-16,,137.30533499576663,114.18260893680667,117.9695327267847
2022-04-17,,137.32436660513812,113.82439788565571,118.19033225760396
2022-04-18,,137.33085150679543,113.65520110091163,118.61242499312354
2022-04-19,,137.33275159067367,113.72431653207991,118.88796017832014
2022-04-20,,137.3331208377431,113.82800342136127,118.58866530948383
2022-04-21,,137.33341315833977,114.04396842567375,123.45011886207513
2022-04-22,,137.33353624069625,114.16508722031051,118.9931265803569
2022-04-23,,137.33317468627408,114.31621911986784,152.0639491842599
2022-04-24,,137.30522729870472,114.32821504589711,148.81172244068776
2022-04-25,,137.31877405056534,114.61427499661026,129.55385120520174
2022-04-26,,137.32814369495276,115.11099052722815,128.17150068576697
2022-04-27,,137.3318746288837,116.45497548185001,128.93545073173652
2022-04-28,,137.3331669936268,118.33200465536997,126.51499773360179
2022-04-29,,137.33349008481255,119.0334362975811,127.59465727727165
2022-04-30,,137.33353624069625,120.21511831009323,127.07276882851059
2022-05-01,,137.33353624069625,120.82633657181198,127.12579107010299
2022-05-02,,137.33353624069625,121.16726989471847,127.25535812103683
2022-05-03,,137.33353624069625,121.3769041987651,128.79198639118607
2022-05-04,,137.33353624069625,121.49231233322556,131.83307099738653
2022-05-05,,137.33353624069625,121.6046946498149,133.48108355426723
2022-05-06,,137.33353624069625,121.75196532928878,134.36875799322064
2022-05-07,,137.33353624069625,122.08260554993088,135.38304936611587
2022-05-08,,137.33353624069625,122.25327186310226,137.74562735283308
2022-05-09,,137.33353624069625,122.45794000351364,139.1811534854167
2022-05-10,,137.33353624069625,122.54951877319748,140.2608856889003
2022-05-11,,137.33353624069625,122.622098252415,140.22599372589522
2022-05-12,,137.33353624069625,122.7254411669963,139.40949468338425
2022-05-13,,137.33353624069625,122.85394134247238,138.61986245834763
2022-05-14,,137.33353624069625,123.01524047577315,137.69310331070358
2022-05-15,,137.33353624069625,123.18000907623703,136.27785216295655
2022-05-16,,137.33353624069625,123.17609252655441,133.58354446613723
2022-05-17,,137.33353624069625,123.20517940246994,145.1659696551555
2022-05-18,,137.33353624069625,123.09830093109542,141.86120166504318
2022-05-19,,137.33353624069625,123.29491729462082,134.60484609329635
2022-05-20,,137.33353624069625,123.28779191696579,132.3446815463298
2022-05-21,,137.33353624069625,123.67574653351241,145.33110875809126
2022-05-22,,137.33353624069625,124.57191762649947,142.53972291672164
2022-05-23,,137.33353624069625,125.01547565185959,136.04975599968367
2022-05-24,,137.33353624069625,124.7941748591655,144.6499936076396
2022-05-25,,137.33353624069625,124.80603446686203,142.05244326317245
2022-05-26,,137.33353624069625,125.17679662430221,137.61759199821884
2022-05-27,,137.33353624069625,125.40875873291427,136.91746282303268
2022-05-28,,137.33353624069625,125.61129178726608,137.75704891407423
2022-05-29,,137.33353624069625,125.75597705566818,137.61432146751815
2022-05-30,,137.33353624069625,125.89916352951461,137.22017733776505
2022-05-31,,137.33353624069625,125.91662988388472,137.87400932037764
2022-10-01,,1.4099280039469,0.0,3.1663212617238043
2022-10-02,,1.2225310007730998,0.0,6.724423281351713
2022-10-03,,0.93305110931395,0.0,6.872981548309312
2022-10-04,,0.6477832794189,0.0,4.989628386497452
2022-10-05,,0.3957351048787434,0.0,4.08431417842706
2022-10-06,,0.1704891522725423,0.0,3.442932073275248
2022-10-07,,0.0835458437601725,0.0,3.112130626042684
2022-10-08,,0.0276764233907063,0.0,2.8739500443140664
2022-10-09,,0.0021258989969889,0.0,2.5429971893628442
2022-10-10,,0.0005364418029785,0.0,2.4350613832473753
2022-10-23,,0.0104506810506184,0.0,2.308642200628916
2022-10-24,,0.0583728154500325,0.0,3.573335941632588
2022-10-25,,0.0600814819335937,0.0,4.685632753372192
2022-10-26,,0.0453988711039225,0.0,3.0231993993123374
2022-10-27,,0.0331600507100423,0.0,0.5888128121693929
2022-10-28,,0.94721714655555,0.07177193164823478,3.6377455075581606
2022-10-29,,1.05798244476315,0.4219577074050635,11.208668327331509
2022-10-30,,1.56031052271525,0.5660553534825639,9.741147772471109
2022-10-31,,1.4975468317667502,0.276498150825492,1.1423136472701942
2022-11-01,,0.9114344914754,0.12587922414142955,3.6552710553010073
2022-11-02,,0.7015466690062999,0.20424844026562688,11.340759277343702
2022-11-03,,0.50105651219685,0.04090934197107776,7.422957166035962
2022-11-04,,0.37918488184611,0.0229294737180074,2.237722967068354
2022-11-05,,0.2550284067789714,0.0,1.3202296694119773
2022-11-06,,0.1732508341471354,0.0,0.4027993844201167
2022-11-07,,1.50823593139645,0.5580779016017707,6.232309913635219
2022-11-08,,2.9685298601786,1.576817353566464,6.012209002176891
2022-11-09,,4.44912910461425,2.9015559554099974,8.290163087844842
2022-11-10,11.0,4.82964515686035,3.330323171615599,11.81975517272949
2022-11-11,,5.9754451115926,4.177356682221086,11.513986619313545
2022-11-12,,8.322715759277301,5.2454818725585595,7.037757760286288
2022-11-13,,15.47382275263465,10.874951187769536,5.703269449869757
2022-11-14,,14.3515666325887,9.862033780415848,18.336432679494216
2022-11-15,,8.078734079996702,4.197127183278367,14.415000693003293
2022-11-16,,6.74839814503985,3.260132424036641,3.6816758145888384
2022-11-17,,7.4931979179382,4.211063551902745,10.793465638160674
2022-11-18,,7.75873661041255,4.69933261871334,11.355948877334546
2022-11-19,,8.134464422861699,5.091563423474601,8.956264064709309
2022-11-20,9.0,11.318306128184,7.7586927493413285,6.123398415247598
2022-11-21,,11.51925325393675,8.317008107900605,11.66705320402978
2022-11-22,,13.22762171427405,9.737981988986302,15.987805835405947
2022-11-23,,13.94192377726235,10.380818869670216,12.03636951247849
2022-11-24,,13.99372021357215,10.698061170180612,16.249422035614614
2022-11-25,,16.5270169576009,12.604908617337532,13.95916934808094
2022-11-26,,19.531091054280548,15.772954376538545,7.36396058400467
2022-11-27,,19.5465087890625,16.399444180727006,27.83248052597046
2022-11-28,,19.5496877034505,16.64366162617999,24.975217898686704
2022-11-29,,19.5522904396057,16.697336912155137,19.841441857814775
2022-11-30,25.0,19.55509185791015,16.85042883753776,19.620891141891473
2022-12-01,,40.57141108559188,37.95415487931785,40.956016141639324
2022-12-02,,40.57646563916624,37.960007229141596,40.61186297803342
2022-12-03,,40.58555705096458,37.942531128189316,40.429441464653955
2022-12-04,,40.76355196777704,37.96011030618074,39.42610694710138
2022-12-05,,41.87402721112691,38.721699721274,37.76606453871451
2022-12-06,,42.890637019977,39.60139003168049,38.40868875305357
2022-12-07,,43.11890608710701,39.82199678463394,43.471239930815045
2022-12-08,,43.15903720709736,33.74650397154743,43.599617885083504
2022-12-09,,43.81731648301621,34.344122694487766,40.2078302369072
2022-12-10,34.0,45.21457827615313,35.71777127313189,37.077362614150566
2022-12-11,,48.27455073303061,37.46500216430502,40.73352065986471
2022-12-12,,51.56041763455348,41.14659665257411,39.019156438417006
2022-12-13,,60.04443492447492,49.578254313818185,47.25074500595686
2022-12-14,,63.69104090459206,54.57673416859963,45.672249133657
2022-12-15,,63.75030469717284,58.48677551569243,74.42605354608794
2022-12-16,,63.76037988114333,56.72359694886184,61.553726810693504
2022-12-17,,63.77313499620365,57.755537487773175,59.126190568713426
2022-12-18,,63.80156261966253,58.283397269702206,60.364412737345944
2022-12-19,,63.83908165491977,58.34987546004214,59.579463189317366
2022-12-20,63.0,63.860249718211385,58.64676610746214,57.80358391620943
2022-12-21,,64.42062670140658,58.82054205089007,54.40222131162081
2022-12-22,,66.03747322801547,59.349561812915375,50.87716057542758
2022-12-23,,66.24674531526838,59.09650996036803,65.63959027834213
2022-12-24,,66.48498779683388,57.670193256428604,59.85092333703316
2022-12-25,,66.69035871857636,54.408367713632515,59.720734676065376
2022-12-26,,66.67624667638198,54.0245853757228,66.81294048779861
2022-12-27,,66.69690589199828,53.50653723965454,65.44205753098296
2022-12-28,,67.11209167184731,53.20275462808511,59.5664644593229
2022-12-29,,72.29880994914123,57.32403864024231,53.54724821208068
2022-12-30,,76.48598177629607,60.645924021779464,57.26358549791472
2022-12-31,60.0,79.94872412974586,64.10010257060279,63.60304808909645
2023-01-01,,84.85496556842621,68.32350556934173,74.74741981113252
2023-01-02,,86.54383100267613,69.28291810747349,69.18093599077427
2023-01-03,,92.70784212511025,74.4448410646244,76.78974348466835
2023-01-04,,100.21395595268116,81.94171588615283,80.57836082176075
2023-01-05,,114.92314785560517,96.68019569953827,96.19077080329804
2023-01-06,,130.21659865928422,112.35668397498857,111.13027206016314
2023-01-07,,132.2432711035625,117.57913946217457,119.27752384251514
2023-01-08,,134.08719938605907,119.42111137717845,119.11203020423534
2023-01-09,,136.464433955426,120.03959455418087,117.03116540836788
2023-01-10,125.0,136.46558734348997,119.86759883335813,118.20236998966917
2023-01-11,,136.6246192036037,118.90396509746355,117.61482267955584
2023-01-12,,137.26505488770948,117.91198748963821,118.1510858477925
2023-01-13,,137.90416756785947,118.41066132701476,118.95697346843322
2023-01-14,,138.48055629123684,118.6864339767837,119.85665511478419
2023-01-15,,139.17842391629233,119.19974769253744,120.21540092129722
2023-01-16,,139.62892372480576,119.5208689915294,120.86149799696152
2023-01-17,,140.99110895152677,120.79525743480312,121.88659044261563
2023-01-18,,141.59667160828678,121.52695458252995,122.45209229310123
2023-01-19,,141.70437769955407,121.95828070706139,123.03969073361168
2023-01-20,122.0,144.1015590977919,124.28375247242568,124.80964415791152
2023-01-21,,145.74998810344636,126.23332741313875,126.20990803295076
2023-01-22,,145.76287891122007,127.51642085763119,127.79335548134945
2023-01-23,,145.70500596895175,127.93350957765537,126.60519727601964
2023-01-24,,147.0756719902608,129.15234359060258,127.82887271200153
2023-01-25,,150.87289688226036,132.89612228509242,131.1799508297091
2023-01-26,,151.6997743545882,134.77770804752032,132.36521777499834
2023-01-27,,151.64274949177866,135.66092585667735,133.090540591327
2023-01-28,,151.58419808594329,135.75171260086637,132.59371995178802
2023-01-29,,151.55041060030476,136.1491737800838,132.51195234835163
2023-01-30,,151.5744960569346,136.48964669932963,132.560441377064
2023-01-31,141.0,151.58772609649185,136.7282281678725,132.6110979836989
2023-02-01,,151.89147423545484,137.2448261145747,132.398382461468
2023-02-02,,152.02713302568418,137.79712118104916,132.40155300096495
2023-02-03,,153.11423519914956,139.28182257479043,133.79378403490395
2023-02-04,,157.42410716240323,143.88916978065885,136.7669187468759
2023-02-05,,160.17975478628574,152.36335788229403,142.50448136785923
2023-02-06,,161.3847060813457,171.0505035056621,174.39148918528858
2023-02-07,,162.40698106098057,176.596349881171,178.10311581897616
2023-02-08,,163.1958306503759,175.217855472611,178.75675708775384
2023-02-09,,163.9152394936849,175.84288746579185,179.39381844265952
2023-02-10,175.0,166.50367977147084,177.79582426075916,179.6293176842211
2023-02-11,,166.88100728427918,178.09137601291687,181.38400773441344
2023-02-12,,167.3673638923105,178.67149272989596,183.55264507364595
2023-02-13,,167.7645364644547,178.52456139350133,182.17943400168616
2023-02-14,,167.77328864446952,177.98518000952078,182.17049132696462
2023-02-15,163.0,168.12524161987062,177.82234874419925,181.22856479339356
2023-02-16,,169.48240621619556,178.88734739356374,180.8841134839568
2023-02-17,,169.52148571765696,179.1278666571406,184.74200669086252
2023-02-18,,169.65029202585913,179.167524682338,183.7594080079148
2023-02-19,,170.9829301642356,180.2046876715598,182.49811895360327
2023-02-20,168.0,171.1371788562018,180.52990179664675,184.92818265564028
2023-02-21,,171.15712568507269,180.76220724330022,186.10756551966742
2023-02-22,,171.4638590637307,180.97579777871178,184.13737171326684
2023-02-23,,172.84775512459697,182.10660350563944,185.1830748343748
2023-02-24,,174.34407259852145,182.30298833281253,159.4636629763291
2023-02-25,163.0,184.2054387758872,190.54897741781681,163.52371460901708
2023-02-26,,186.97061881288656,195.7441563294805,180.19776305421956
2023-02-27,,186.9030438416096,198.84064168859445,205.41156091619456
2023-02-28,187.0,186.76880982487103,197.30060561268232,198.72425435154338
2023-03-01,,96.6945884088682,105.7064930508541,106.72736848394145
2023-03-02,,96.64302459414829,108.79173236544955,83.98312392886508
2023-03-03,,95.72861499723268,108.09501056608033,74.50487689908815
2023-03-04,,95.83851215627914,110.99287121084458,93.68034565237289
2023-03-05,151.0,95.46818811620513,110.81306936467925,114.33387605871
2023-03-06,,95.10254120567754,107.95151574352697,74.51193070152715
2023-03-07,,95.57905454880893,107.5949872041434,110.82480135209262
2023-03-08,,98.16683032331532,103.06678793249196,77.8040571909911
2023-03-09,,98.49133695618782,96.88753479675923,114.81192811982308
2023-03-10,96.0,98.56019384199384,92.73018912607435,95.13684827619794
2023-03-11,,98.66684470388805,89.11594405386363,77.43807730886851
2023-03-12,,98.97531985982836,87.23180742010058,77.58267497762621
2023-03-13,,99.25537068406796,86.96009566346859,78.16594731370662
2023-03-14,,99.31591951081128,86.89448634812207,114.86517163941235
2023-03-15,87.0,99.75539275728798,83.88093864046668,83.53614303194618
2023-03-16,,99.51008192816624,80.77390181342015,78.00463721075901
2023-03-17,,99.21018407394344,78.15292356063777,77.8230712657159
2023-03-18,,99.34445153957395,76.80080682521847,91.34114805942563
2023-03-19,,99.23896226741908,75.80671892025111,90.48133944728015
2023-03-20,54.0,99.08959413517736,75.23803812016271,77.87567316044593
2023-03-21,,99.17779802889336,75.33079599947442,106.43587393373954
2023-03-22,,99.22343081256015,75.39502047320468,84.08477104922397
2023-03-23,,99.26847895503364,75.44092425227485,79.22484721064887
2023-03-24,,99.31105775773014,75.4573849672028,78.093066882486
2023-03-25,28.0,99.56566899741377,75.70388158286298,78.0706399294206
2023-03-26,,100.56484387471107,76.7030709560099,78.99476750447181
2023-03-27,,102.49098274928548,78.63125794154622,80.96416237575032
2023-03-28,,104.73981279197426,80.8841910726139,83.21172021690101
2023-03-29,,107.24370024788888,83.39172690499338,85.74876158822092
2023-03-30,,108.35008755033188,84.4975145370262,87.11039715116195
2023-03-31,,108.71522674613897,84.86302871757451,87.97496185356084
2023-04-01,,109.00715501777935,85.15028131477644,91.56239259712507
2023-04-02,,109.30353733219503,85.45030437626242,97.33806911625265
2023-04-03,,110.54025346486102,86.69544793812763,98.0922779246999
2023-04-04,,112.85587876388468,89.01418603012003,100.73191769668497
2023-04-05,,115.67100303611328,91.8345417781787,102.61831577262451
2023-04-06,,118.78166343155678,94.95300361100014,106.43191176834878
2023-04-07,,122.35085176079026,98.5289744719719,110.47653440086594
2023-04-08,,123.50673355583474,99.69126572136209,117.24895300392434
2023-04-09,,124.20417203620929,100.3814455957796,119.34853324607866
2023-04-10,,126.41593121165424,102.59505566233784,143.05628460520893
2023-04-11,,129.4431648473428,105.62159921929106,141.5031724195169
2023-04-12,,131.0948685301922,107.31361051932795,130.89252449558003
2023-04-13,,132.976366972599,115.30432355371472,146.60012834039685
2023-04-14,,134.87940482739063,118.38858670834156,133.2207328760967
2023-04-15,,135.65283897024733,118.4901987324391,117.29240329367262
2023-04-16,,135.35684128819565,119.06920014439683,147.09854394017322
2023-04-17,,135.51838688108214,116.58831199857482,152.81629661771544
2023-04-18,,135.80468413491334,117.25188967843141,118.04643408913698
2023-04-19,,135.59518257888143,116.85835301192587,153.48708168776815
2023-04-20,,135.7592667453704,115.58950298957207,133.52917050353864
2023-04-21,,136.29029018713004,114.52015049291617,145.77569711042412
2023-04-22,,136.79815876057594,113.91007320454567,131.44676906636207
2023-04-23,,137.10454151645607,113.98802502170508,125.17585513606971
2023-04-24,,137.2773337596663,114.09833633840167,121.15553905904376
2023-04-25,,137.32122800504774,114.12151334440321,119.7465398565492
2023-04-26,,137.3291052758628,114.13199452757176,132.45825131534872
2023-04-27,,137.33239003625147,114.14408589806787,123.92056991067163
2023-04-28,,137.33326699804144,114.24232499669866,122.05380418371037
2023-04-29,,137.33349777745985,114.37665459203504,121.41277271795056
2023-04-30,,137.33353624069625,114.62720346176559,122.07724351608688
2023-05-01,,137.31612008725364,114.93887208615502,123.98726867352684
2023-05-02,,137.27150273302786,115.29073338488334,125.93499693850272
2023-05-03,,137.2944806704541,115.88203216886718,130.8336483130475
2023-05-04,,137.32058182267622,116.76154156236127,136.52039194611982
2023-05-05,,137.330620727377,117.8088620756436,134.47513767226226
2023-05-06,,137.33305929656487,118.82547892089349,130.47586525435906
2023-05-07,,137.33349008481255,119.52164831082573,128.02667770306817
2023-05-08,,137.33353624069625,120.00074853622849,127.74788541519577
2023-05-09,,137.33353624069625,120.47252549850876,127.21486558639938
2023-05-10,,137.33353624069625,120.82490071976119,127.44726409637863
2023-05-11,,137.33353624069625,120.95758866989547,129.00093147480422
2023-05-12,,137.33353624069625,121.12561521255904,128.88390915119584
2023-05-13,,137.33353624069625,121.23701095306808,131.4383865090602
2023-05-14,,137.33353624069625,121.31234159195358,130.50387611114914
2023-05-15,,137.33353624069625,121.18007917129928,123.42563237869675
2023-05-16,,137.33353624069625,121.68796329224044,148.52951163971358
2023-05-17,,137.33353624069625,121.96947107040816,143.40392632210188
2023-05-18,,137.33353624069625,123.09702386581833,139.31749987327987
2023-05-19,,137.33353624069625,123.29468202316696,140.17883383953506
2023-05-20,,137.33353624069625,123.63253907883102,140.52229903066092
2023-05-21,,137.33353624069625,123.81299323761398,140.58157362067635
2023-05-22,,137.33353624069625,123.96298083984786,140.0645017358058
2023-05-23,,137.33353624069625,124.3234765979045,139.59815292084153
2023-05-24,,137.33353624069625,124.48293103897507,139.50990979397233
2023-05-25,,137.33353624069625,124.65851697647506,139.6556437941783
2023-05-26,,137.33353624069625,124.80624074661667,139.96357581937247
2023-05-27,,137.33353624069625,124.9199477168315,140.3610480757945
2023-05-28,,137.33353624069625,124.96449298584396,139.9597903760665
2023-05-29,,137.33353624069625,124.84476642334396,137.2825780602687
2023-05-30,,137.33353624069625,124.76596030914718,145.3820983859294
2023-05-31,,137.33353624069625,124.54855270111496,145.0600256415599
2023-10-01,,0.0,0.0,4.127214431762695
2023-10-02,,0.0,0.0,3.5459508895874023
2023-10-03,,0.0,0.0,2.9519593834877016
2023-10-04,,0.0,0.0,2.517891252040863
2023-10-05,,0.0,0.0,4.3544485688209535
2023-10-06,,0.0,0.0,4.074880188703537
2023-10-07,,0.0,0.0,2.786823797225952
2023-10-08,,0.0,0.0,2.2343468964099884
2023-10-09,,0.0,0.0,1.5914843738079072
2023-10-10,,0.0,0.0,3.7996220767498015
2023-10-11,,0.0,0.0,3.1182014107704163
2023-10-12,,0.0,0.0,1.7301539421081542
2023-10-13,,0.0,0.0,1.1015510380268096
2023-10-14,,0.0,0.0,1.717697560787201
2023-10-15,,0.0,0.0,4.645602393150329
2023-10-16,,0.0,0.0,3.84181547164917
2023-10-17,,0.0,0.0,8.668194389343261
2023-10-18,,0.0,0.0,6.13628830909729
2023-10-19,,0.0,0.0,1.8011741638183594
2023-10-20,,0.0,0.0,1.5674957871437072
2023-10-21,,0.0,0.0,1.3990660190582276
2023-10-22,,0.0,0.0,0.4790392637252808
2023-10-23,,0.0216563542683919,0.0,0.01445189739267031
2023-10-24,,0.0341137250264485,0.0,6.395188649495443
2023-10-25,,0.0150005022684733,0.0,8.284948698679605
2023-10-26,,0.0025033950805664,0.0,0.8371612548828125
2023-10-27,,0.0502864519755045,0.0,0.0
2023-10-28,,0.0718037287394205,0.0,7.705790297190347
2023-10-29,,1.94140275319415,0.6058858076731178,6.77329448064166
2023-10-30,,1.0876059532165498,0.05114262104034366,0.0
2023-10-31,,0.3457268079121907,0.0,0.009234974781672145
2023-11-01,,0.7012089093525999,0.0,0.15076066131392704
2023-11-02,,4.16870911916095,0.5530314286549807,1.961954394976282
2023-11-03,,5.3886771202087,1.4157291889190353,2.7175331234931703
2023-11-04,,5.2192211151123,1.7500432491302462,11.743241786956782
2023-11-05,,5.6943496068318495,2.045856595039356,1.445212014516187
2023-11-06,,5.8877865473429,2.6931129058201817,0.3895879427591815
2023-11-07,,5.8190822601318,3.1097079753875447,2.4520869016646984
2023-11-08,,5.7129661242167,3.3245300372441484,1.485379314422598
2023-11-09,,5.4799715677897,3.316090633471796,0.9173852602640732
2023-11-10,,3.3750534057617,1.7562595665454714,0.0
2023-11-11,,1.6526182492574002,0.4993692696094481,0.0
2023-11-12,,0.9529590606689,0.15917102694509602,0.0
2023-11-13,,0.62668323516845,0.07862582802772382,0.0
2023-11-14,,1.18037064870195,0.39773383736608275,0.0
2023-11-15,,0.99909305572505,0.3271216809749317,0.0
2023-11-16,,0.6816585858662499,0.18549667199451023,0.0
2023-11-17,,0.3610452016194661,0.0,0.0
2023-11-18,,0.1136263211568196,0.0,0.0
2023-11-19,,0.0923871994018554,0.0,0.0
2023-11-20,,0.2130270004272461,0.0,0.0
2023-11-21,,0.2217292785644531,0.0,0.0
2023-11-22,,0.2161264419555664,0.0,0.0
2023-11-23,,1.3780395189921,0.406032603979107,0.0
2023-11-24,,2.8785864512125503,1.355506064494439,0.0
2023-11-25,,4.9063165982564,3.0999636034170557,0.0
2023-11-26,,5.0077040990193495,2.818901459376002,0.21422497431436796
2023-11-27,,4.9502650896708,3.0453222354252993,2.420256042480458
2023-11-28,,4.9388806025187,1.908576273918141,1.1448720455169572
2023-11-29,,4.92127736409505,1.7828440904617295,0.7744671821594226
2023-11-30,,5.0478180249532,2.9657999793688403,0.1134706179300931
2023-12-01,,17.344550099821205,13.506483855695839,5.444745609642121
2023-12-02,,18.051339520783312,14.330043657393343,22.194462876291162
2023-12-03,,19.134947606878463,13.728811761694136,12.698434230642501
2023-12-04,,20.183954051054634,14.15374760917536,4.929030993498482
2023-12-05,,27.352193022240417,19.903502035607115,24.326036978234068
2023-12-06,,36.03452521280711,25.20759125666087,19.35507765726512
2023-12-07,,35.745296194178735,24.205654050929223,22.334773256404077
2023-12-08,,35.79438303325392,22.238313277699724,22.038600142934097
2023-12-09,,35.81192131646188,19.690650373773888,18.48355293877633
2023-12-10,17.0,35.81904518391582,18.47025902058574,19.19985000874492
2023-12-11,,35.86083853964536,17.983128006503268,19.523791344210785
2023-12-12,,35.89910388482632,17.828869967589988,19.797735934386864
2023-12-13,,35.92200203021383,17.921509934266567,19.755496979554653
2023-12-14,,35.93139875061729,18.06945092804649,18.996133591010356
2023-12-15,,35.935164223414375,18.275034485560372,19.06750904152961
2023-12-16,,35.94954765103557,18.500701787693288,19.252489545566824
2023-12-17,,35.95921575686585,18.69978773257386,19.27815286776673
2023-12-18,,35.966644932925,18.86803386419941,19.080846669375195
2023-12-19,,35.91440323826306,18.814083566632203,18.798122110333374
2023-12-20,21.0,37.29806183688082,19.86241787783541,19.261822212857382
2023-12-21,,40.08532586298732,22.236738636119643,21.225384571178235
2023-12-22,,42.02983636929728,24.1963879592631,23.48621263577677
2023-12-23,,42.024883585257854,24.419278269095745,24.548845033927286
2023-12-24,,41.99574357505354,24.105695738749827,23.839536490397776
2023-12-25,,41.526586018446594,23.352805767897276,24.6265028580462
2023-12-26,,42.45489379404668,23.880942072855277,25.120668139444632
2023-12-27,,44.76038084119933,25.60021429151671,25.37160787672179
2023-12-28,,52.02669172100048,32.74469823650341,32.716336153068355
2023-12-29,,52.30316562456864,33.47424182696122,34.189709470699015
2023-12-30,36.0,53.41571018179791,34.30976669272321,34.64727699240582
