date,target_swe,ERA5,Ridge,RandomForest,XGBoost,CatBoost,Ensemble
2022-01-01,,65.27209847803962,72.43916347967216,70.5944740766393,81.00172424316406,67.75561472313024,73.1172710143112
2022-01-02,,65.2652459960125,67.16495624514499,72.12325550587926,80.994873046875,66.6011636369329,73.23976406322906
2022-01-03,,65.3576866570215,66.13298485704901,74.15566877925133,80.4786376953125,79.05100434764734,77.89510360740373
2022-01-04,,65.5980662988231,67.10292874462606,68.03842712717525,77.99073791503906,72.80696245638146,72.94537583286525
2022-01-05,,71.32602888672184,82.08935962658367,70.06195979861444,89.54548645019531,71.02635975616208,76.87793533499062
2022-01-06,,72.78754117965721,86.3676064630145,79.76113491170139,91.07203674316406,82.69746799550954,84.51021321679167
2022-01-07,,73.94737464750908,84.01167190840405,79.21432353084874,91.62318420410156,82.26502213907528,84.36750995800853
2022-01-08,,74.71305470609015,85.66275016953409,81.16992734734362,92.99755859375,80.41878635093728,84.8620907640103
2022-01-09,,75.11399275103138,84.47477634589622,83.39369722630218,93.380615234375,88.01528088295532,88.26319778121085
2022-01-10,103.0,75.6443816445635,86.09877980313482,85.38581110832553,96.6497573852539,90.60230844334096,90.8792923123068
2022-01-11,,75.72990197718866,85.18279184636667,84.88064793214394,93.70668029785156,92.73334430687484,90.44022417895678
2022-01-12,,75.74106270286642,82.54699251517732,82.82611323392922,93.71784210205078,84.54202461549129,87.02865998382377
2022-01-13,,75.85758882050527,82.49924967597227,84.32784319021539,93.83436584472656,90.17966431060388,89.44729111518194
2022-01-14,,77.11437473208686,83.37167349550663,78.21800566756342,93.53736877441406,82.68471212776082,84.81336218991277
2022-01-15,,82.8542782787654,95.660500617222,81.54427927968683,101.1978530883789,84.5625246680603,89.10155234537535
2022-01-16,,84.79692301026608,93.62559780816811,77.83412055622787,94.71649169921875,81.05753127583431,84.5360478437603
2022-01-17,,89.68579578163019,98.03750469355535,88.3648176861731,109.65525817871094,95.10327856674772,97.70778481054391
2022-01-18,,91.7994472552028,102.458641717712,99.80866638770777,109.05046081542969,102.23207247580049,103.69706655964599
2022-01-19,,92.13294602158044,97.96053319821004,102.43489411719499,109.38397216796875,107.90549615446207,106.57478747987527
2022-01-20,113.0,92.51264815687333,99.17542045019572,102.59028015564922,110.37235260009766,108.3310761283871,107.097902961378
2022-01-21,,92.6212023275995,97.81905116329354,102.56103517306722,110.48090362548828,110.53430969116317,107.8587494965729
2022-01-22,,92.73338627840926,96.89694530591107,102.73125409648608,110.59308624267578,110.08331020569938,107.8025501816204
2022-01-23,,92.765172296525,95.73340364800426,101.69697188830071,105.31771087646484,104.26341327877515,103.7593653478469
2022-01-24,,92.79224299284984,95.17669477861358,101.70060020705925,105.34477996826172,105.08156644471357,104.04231554001153
2022-01-25,,92.86002150319692,94.0405417549783,100.02946642135862,105.41255950927734,108.36085336938143,104.60095976667246
2022-01-26,,93.857736101705,94.36482927688792,94.70992352228194,103.07331085205078,97.81025274358375,98.53116237263883
2022-01-27,,95.94547026701674,102.72504330131092,105.85003476398327,113.19648742675781,108.49661648135039,109.18104622403048
2022-01-28,,96.0002901232334,101.29910880475244,106.31714474673534,113.85999298095703,106.77650981868645,108.98454918212627
2022-01-29,,96.00975468999358,99.28225680839752,106.71933944813023,108.56229400634766,99.36037019392204,104.88066788279997
2022-01-30,,96.04371179152392,96.7411068947927,108.14679617334411,107.98756408691406,109.49749291713599,108.5439510591314
2022-01-31,115.0,96.1006348847984,97.9568595962986,108.43433804938572,115.81328582763672,115.0253269122052,113.0909835964092
2022-02-01,,96.11749470443932,103.18708802954421,108.76299876774824,118.4638671875,109.7548471840598,112.32723771310266
2022-02-02,,96.12580588313553,102.3140532151017,106.87440350812594,118.47218322753906,97.15493634864215,107.50050769476906
2022-02-03,,96.14035892664845,101.10799910303457,108.32609882924076,118.48673248291016,105.57206554806089,110.79496562007061
2022-02-04,,96.15263911721183,99.5681954872301,108.12028093613552,113.19184112548828,105.28758847926645,108.86657018029673
2022-02-05,,96.16190014490198,98.4901007414627,106.91049776989239,118.5082778930664,98.75268430434767,108.0571533224355
2022-02-06,,96.17295910104464,97.25405991076924,108.03015042029502,118.51933288574219,100.42642603645987,108.99196978083235
2022-02-07,,96.1804561234604,96.1054012540535,108.05148922455353,105.01837158203125,107.43497392100245,106.83494490919576
2022-02-08,,96.7313685398955,96.79607807459332,106.18616102943692,105.56928253173828,110.21522019201537,107.32355458439685
2022-02-09,,97.27851548353344,100.01339182887745,108.40190259921515,121.65545654296875,112.81137167474078,114.28957693897489
2022-02-10,118.0,97.3863572675142,99.59407537177223,111.44937624153239,119.80017852783203,118.25510774048729,116.50155416995057
2022-02-11,,97.3965002978414,98.03882306772913,109.50061143182306,106.23441314697266,116.68477734889291,110.80660064256288
2022-02-12,,97.64827812756934,95.96004367238729,105.06764389983117,103.12211608886719,108.04722971314547,105.41232990061462
2022-02-13,,100.17718322734764,105.40965855135353,106.48982161570311,124.62156677246094,111.36062249527356,114.15733696114587
2022-02-14,,102.47663194875362,113.1063156631091,104.88675714597491,115.5326919555664,109.50684369869134,109.97543093341089
2022-02-15,130.0,107.0323451855237,125.13401342998594,110.18118027757986,129.30227661132812,111.07501575959431,116.85282421616743
2022-02-16,,109.30150050866138,129.7024800282063,116.98151112979056,131.02777099609375,121.16532174244439,123.05820128944289
2022-02-17,,109.60541826351616,126.62008314256947,120.17899505269867,131.94036865234375,125.1615986223804,125.7603207758076
2022-02-18,,109.51653953623416,124.14294644628211,122.24500733116807,131.85150146484375,126.5228869841031,126.87313192670497
2022-02-19,,109.46321229986496,123.69396076135901,120.8912658519417,129.36038208007812,119.16705804026569,123.13956865742848
2022-02-20,130.0,109.4623642204062,122.67645933812788,120.72066692162736,129.3595428466797,113.23765911741832,121.1059562952418
2022-02-21,,109.4028290423986,120.50841965957713,120.01025977658281,129.3000030517578,112.51130610418677,120.60718964417579
2022-02-22,,109.29705657229728,119.68987908920518,120.78372722320891,129.07716369628906,114.21625070798001,121.35904720915933
2022-02-23,,109.90187291913352,120.30713456948953,119.21312615177816,129.07327270507812,117.42311193556286,121.90317026413972
2022-02-24,,110.41689461287228,121.75580708679077,120.83470411221738,130.19699096679688,120.2495759314067,123.76042367014031
2022-02-25,120.0,110.372048171091,120.10460799885762,123.18441342824002,130.1521453857422,122.90936040737766,125.41530640711996
2022-02-26,,112.7652266342834,125.07698567371784,118.68986369813362,129.32542419433594,119.0654450730172,122.36024432182892
2022-02-27,,113.05133472050343,127.48489738375604,123.83920072718541,132.94851684570312,123.50625699568317,126.7646581895239
2022-02-28,122.0,113.03762975644926,123.43970996388822,125.38810948925425,132.92604064941406,121.46658751493395,126.59357921786743
2022-03-01,,113.32826115542652,126.66021831818408,127.00194480861887,133.099609375,121.34170498525918,127.14775305629269
2022-03-02,,113.11812110967035,126.3441254883712,124.60476669871511,132.28077697753906,121.68261437600778,126.18938601742066
2022-03-03,,113.03063263215142,127.09753950608159,126.14530368704456,132.1897735595703,121.82587520135105,126.72031748265532
2022-03-04,,113.04342550457858,124.08018071599281,129.35366176195413,132.8147735595703,124.63331663644271,128.93391731932238
2022-03-05,135.0,113.05506447991368,123.06333547880828,129.41813911887036,140.84039306640625,122.51151035810284,130.92334751445983
2022-03-06,,112.6597316435314,123.15716492280923,90.38669046000874,107.04022216796875,111.02856847185483,102.8184936999441
2022-03-07,,113.53458564813168,122.35251078092011,83.88063600557801,113.54908752441406,106.12995714446163,101.18656022481791
2022-03-08,,112.35161034936596,130.2921454188229,114.64625732541651,134.79412841796875,118.12004699461295,122.5201442459994
2022-03-09,,112.32160902497276,125.59846117349953,124.2917059899252,132.7064666748047,107.520658813347,121.50627715935896
2022-03-10,132.0,112.2611909732332,122.9616048340334,127.83966910396137,133.25823974609375,124.1910043314935,128.42963772718286
2022-03-11,,112.1941572448326,122.71096501659682,128.52621115735388,136.35545349121094,114.70515734258699,126.52894066371726
2022-03-12,,112.2120118791702,121.13324373660774,128.76487068859603,136.37330627441406,125.06110541144047,130.06642745815017
2022-03-13,,111.40268384410358,124.53583330457765,123.37281389126979,135.95782470703125,121.89600364058948,127.0755474129635
2022-03-14,,110.44424922680275,132.21736438710587,120.32133853931377,136.54820251464844,115.30550594136943,124.05834899844388
2022-03-15,135.0,110.20319243162706,129.07246792666407,123.5783724103248,136.30714416503906,120.58416571012211,126.82322742849533
2022-03-16,,110.1356663738005,127.4728526925069,126.28143199186447,136.85182189941406,127.75374986664421,130.2956679193076
2022-03-17,,110.1119191716462,127.26244976424546,125.70444547927849,133.04798889160156,125.1823121379886,127.97824883628955
2022-03-18,,110.10094945662446,124.61594096637927,125.22471743052853,131.21507263183594,120.75653885125942,125.73210963787464
2022-03-19,,110.08957972394418,124.29646676635127,125.4719169840484,131.20370483398438,122.83860449308214,126.50474210370497
2022-03-20,127.0,110.0925721637362,123.34356634385189,125.74034494232774,130.5908660888672,120.53179313407301,125.62100138842266
2022-03-21,,110.04462389323804,121.00662745129453,123.99165421239312,134.32298278808594,122.62714981310143,126.98059560452681
2022-03-22,,109.6328287916759,123.38499596464567,117.65820762590573,132.7728271484375,115.69641064421468,122.04248180618596
2022-03-23,,108.94583692630802,127.55552692641565,111.39166113917318,130.15631103515625,103.8696784687163,115.13921688101523
2022-03-24,,108.27123791570872,127.81412137247003,110.71706212857389,134.134765625,103.08219135271132,115.97800636876174
2022-03-25,140.0,107.90194469037029,127.74653469734253,116.27006794804207,137.62994384765625,111.69286438812594,121.86429206127475
2022-03-26,,107.92352256599152,124.84787732302684,117.22270253209234,138.2637176513672,96.55670088361457,117.34770702235802
2022-03-27,,107.18028206371004,123.69939502171991,113.79278398141399,136.66409301757812,103.5080695618578,117.98831552028331
2022-03-28,,106.19844641338253,122.47151079128953,108.02568261895215,133.9872589111328,107.76111327165296,116.5913516005793
2022-03-29,,106.56752424459714,113.77214205691891,75.1736339524099,105.85035705566406,93.91101431879659,91.6450017756235
2022-03-30,,106.48129736123217,111.46079654844272,104.95648139102441,137.59303283691406,103.97364898055271,115.50772106949705
2022-03-31,138.0,107.12572580919807,106.77074715434625,108.39050944004536,136.70477294921875,91.55934888122712,112.21821042349707
2022-04-01,,108.25286787400334,102.5741657997093,63.54218222425999,45.665462493896484,66.68779543058311,58.63181338291319
2022-04-02,,109.8481921449354,100.36017018412737,61.11948283010826,47.26078414916992,62.799346629693034,57.059871202990415
2022-04-03,,112.07892908122088,99.98709952010007,62.4732662144174,49.491519927978516,65.19409408954006,59.052960077312
2022-04-04,,114.7434620902902,100.16348000399007,64.54969646108546,52.15605545043945,67.22126778755236,61.309006566359095
2022-04-05,48.0,117.92127160384346,101.34435065542513,66.823014953999,55.333866119384766,71.03643661216265,64.39777256184881
2022-04-06,,122.27674848953906,106.39221795916049,71.30521636866143,59.6893424987793,99.20728049868383,76.73394645537485
2022-04-07,,126.18818269627344,114.97376155373138,74.3289265385959,63.600772857666016,105.5841189730706,81.1712727897775
2022-04-08,,128.50897745426948,118.61506156062761,81.28930095532002,65.07000732421875,111.62441742426735,85.99457523460204
2022-04-09,,131.04956653035848,128.94116866912896,78.75000935264686,68.462158203125,98.87319341864945,82.02845365814044
2022-04-10,,133.4141632219686,140.45945956420772,84.4100218838222,70.82676696777344,85.30090522154154,80.1792313577124
2022-04-11,,135.09168342909075,158.68521784258732,83.17132160778336,72.50428771972656,87.26462280917958,80.9800773788965
2022-04-12,,136.22634890293614,170.94864561302782,88.5519322456187,73.63894653320312,89.67633415102009,83.95573764328064
2022-04-13,,136.8731928421481,178.43122948674156,87.94581335973719,74.28579711914062,87.48135545050111,83.23765530979297
2022-04-14,,137.1549129708475,181.59429019263843,88.22753348843659,111.31718444824219,89.44140063143693,96.32870618937191
2022-04-15,,137.25949451062328,183.04843211789472,89.58507785330582,111.42176818847656,91.80212867454418,97.60299157210886
2022-04-16,,137.30533499576663,182.94702999396367,87.78985275095447,111.46760559082031,87.56233567357854,95.60659800511779
2022-04-17,,137.32436660513812,183.2467252716957,89.87026355245504,111.48664855957031,90.40581654664119,97.25424288622219
2022-04-18,,137.33085150679543,183.101664861794,92.1359253393955,111.49313354492188,103.25983507697879,102.29629798709873
2022-04-19,,137.33275159067367,185.91709847764582,90.27300236866022,116.91658020019531,112.6436545779782,106.61107904894459
2022-04-20,,137.3331208377431,184.04410993869524,89.47149625064745,116.91694641113281,118.77571568779013,108.38805278319012
2022-04-21,,137.33341315833977,184.51531263910996,90.35286607739776,116.06568145751953,117.60042122225691,108.00632291905806
2022-04-22,,137.33353624069625,190.0301091171894,91.954599998417,116.91737365722656,119.19921983332114,109.35706449632157
2022-04-23,,137.33317468627408,184.38285982484263,93.33608370105344,116.91700744628906,110.36381112820628,106.87230075851626
2022-04-24,,137.30522729870472,183.8008359096234,127.83462067847357,148.6605987548828,130.99162028686055,135.82894657340566
2022-04-25,,137.31877405056534,181.9396205555347,92.50565534620779,118.0091781616211,100.20434143693926,103.57305831492272
2022-04-26,,137.32814369495276,183.01559605371364,91.55229747029496,116.91197204589844,95.29461610882284,101.2529618750054
2022-04-27,,137.3318746288837,182.74274320005546,91.97413970201436,116.91571044921875,103.83380970502164,104.24121995208492
2022-04-28,,137.3331669936268,182.72917780187083,90.06323579977519,116.9169921875,93.98111468437277,100.32044755721599
2022-04-29,,137.33349008481255,182.21915665221064,90.56944178368369,116.91732788085938,90.41494002631562,99.3005698969529
2022-04-30,,137.33353624069625,182.06595696384906,90.56948793956737,116.91737365722656,90.41498618219931,99.30061592633108
2022-05-01,,137.33353624069625,178.83459058229718,92.56390407622817,116.91737365722656,105.37993933791174,104.95373902378883
2022-05-02,,137.33353624069625,179.97429274801522,92.05802118350545,116.91737365722656,116.36352904032557,108.44630796035251
2022-05-03,,137.33353624069625,180.55212235914325,90.06360504684464,116.91737365722656,104.62641188194254,103.86913019533792
2022-05-04,,137.33353624069625,179.2040767963946,90.56948793956735,116.91737365722656,96.1443115721258,101.21039105630656
2022-05-05,,137.33353624069625,179.3051612837044,90.56948793956737,116.91737365722656,94.28830463009194,100.59172207562862
2022-05-06,,137.33353624069625,178.22129743802114,90.56948793956738,116.91737365722656,96.21151715680395,101.23279291786598
2022-05-07,,137.33353624069625,180.8337383073545,92.56390407622817,116.91737365722656,114.16124379169158,107.88084050838211
2022-05-08,,137.33353624069625,179.5240229588014,91.05180712331571,116.91737365722656,109.85532631869884,105.94150236641372
2022-05-09,,137.33353624069625,178.41625171588439,90.56948793956738,116.91737365722656,96.67539642711732,101.38741934130375
2022-05-10,,137.33353624069625,178.6060783808341,90.56948793956737,116.91737365722656,96.21151715680395,101.23279291786595
2022-05-11,,137.33353624069625,178.77257393135767,92.0016676133271,116.91737365722656,110.2395139871183,106.38618508589066
2022-05-12,,137.33353624069625,178.89151766353274,90.06360504684463,116.91737365722656,99.77801490604685,102.25299787003935
2022-05-13,,137.33353624069625,178.42478382475377,92.0016676133271,116.91737365722656,110.2395139871183,106.38618508589066
2022-05-14,,137.33353624069625,178.40776852815767,91.49578472060438,116.91737365722656,111.28100943562187,106.56472260448426
2022-05-15,,137.33353624069625,180.1326414866026,89.46562302220728,116.60106658935547,119.27875129122259,108.44848030092845
2022-05-16,,137.33353624069625,180.10883615529684,90.0765887033914,116.91737365722656,119.0230316298904,108.67233133016946
2022-05-17,,137.33353624069625,178.3278937391592,90.06360504684464,116.91737365722656,103.69792386948733,103.55963419118619
2022-05-18,,137.33353624069625,178.07664104055894,90.56948793956737,116.91737365722656,98.35372147935371,101.94686102538253
2022-05-19,,137.33353624069625,179.58711072552035,90.1607633909343,115.70314025878906,119.87343176118526,108.5791118036362
2022-05-20,,137.33353624069625,180.32664525733253,90.07658870339141,116.91737365722656,119.0230316298904,108.67233133016946
2022-05-21,,137.33353624069625,177.39070033157327,91.4957847206044,116.91737365722656,113.90551804747244,107.43955880843447
2022-05-22,,137.33353624069625,178.50563667094124,89.79043293358518,116.91737365722656,118.43417908024654,108.38066189035275
2022-05-23,,137.33353624069625,180.14053592946692,89.32552567063424,116.91737365722656,109.5614185233157,105.26810595039217
2022-05-24,,137.33353624069625,177.16358754361605,90.56948793956735,116.91737365722656,96.67539642711732,101.38741934130375
2022-05-25,,137.33353624069625,177.09841568918233,91.49191412029563,116.91737365722656,98.47335845189488,102.2942154098057
2022-05-26,,137.33353624069625,177.50820332078962,92.47959639960759,116.91737365722656,115.77574542912805,108.3909051619874
2022-05-27,,137.33353624069625,177.51994056411564,90.58490455712152,116.91737365722656,106.43365453445182,104.64531091626664
2022-05-28,,137.33353624069625,177.39357729358255,92.0016676133271,116.91737365722656,112.77007709289056,107.22970612114807
2022-05-29,,137.33353624069625,178.25945210723208,91.97371350688485,116.91737365722656,117.4714468123045,108.78751132547198
2022-05-30,,137.33353624069625,177.18599549032123,91.50733073784977,116.91737365722656,109.7636942283146,106.0627995411303
2022-05-31,,137.33353624069625,177.22346517513864,90.48557330231219,116.91737365722656,119.71052066105233,109.03782254019704
2022-10-01,,1.4099280039469,15.80586482892289,0.0,11.754283905029297,0.0,0.5402615067308439
2022-10-02,,1.2225310007730998,11.149495447119303,0.0,12.673463821411133,0.0,0.0
2022-10-03,,0.93305110931395,11.57671066190703,0.0,0.0,0.0,0.0
2022-10-04,,0.6477832794189,13.133074352199937,0.0,0.0,0.0,0.0
2022-10-05,,0.3957351048787434,14.014525538803706,0.0,0.0,0.0,0.0
2022-10-06,,0.1704891522725423,15.410825295944427,0.0,0.0,0.0,0.0
2022-10-07,,0.0835458437601725,16.831780748340044,0.0,0.0,0.0,0.0
2022-10-08,,0.0276764233907063,15.757152373778787,0.0,0.0,0.0,0.0
2022-10-09,,0.0021258989969889,17.420511397955654,0.0,0.0,0.0,0.0
2022-10-10,,0.0005364418029785,18.455304084219947,0.0,0.0,0.0,0.0
2022-10-23,,0.0104506810506184,19.240646447957175,0.0,0.0,0.0,0.0
2022-10-24,,0.0583728154500325,19.761764959794025,0.0,10.402728080749512,4.009034015763212,3.7191806888409378
2022-10-25,,0.0600814819335937,18.76414367420677,0.0,11.511013984680176,1.1267652775036767,3.6422847668747678
2022-10-26,,0.0453988711039225,18.10503044765933,0.0,0.0,0.0,0.0
2022-10-27,,0.0331600507100423,21.87090764884259,0.0,0.0,0.04635880481962734,0.0
2022-10-28,,0.94721714655555,19.54841478926113,0.0,11.291572570800781,5.798972482759915,3.48521367959151
2022-10-29,,1.05798244476315,15.024098591319564,0.10977389102531565,8.884875297546387,3.680306799688262,4.224985329419988
2022-10-30,,1.56031052271525,11.912314041166246,0.0,0.0,0.22350811434798,0.0
2022-10-31,,1.4975468317667502,15.470407055399512,0.0,0.0,1.5107455858763352,0.0
2022-11-01,,0.9114344914754,21.729978000662243,0.0,0.18323004245758057,0.0,0.0
2022-11-02,,0.7015466690062999,18.670115042775,0.0,0.0,0.0,0.0
2022-11-03,,0.50105651219685,20.030557872340374,0.0,0.0,0.0,0.0
2022-11-04,,0.37918488184611,20.597117544448828,0.0,0.0,0.0,0.0
2022-11-05,,0.2550284067789714,21.83519688354171,0.0,0.0,0.0,0.0
2022-11-06,,0.1732508341471354,24.753523951808415,0.0,0.0,0.0,0.0
2022-11-07,,1.50823593139645,15.182926614507636,0.0,11.180107116699219,5.361645748209436,3.349009189777426
2022-11-08,,2.9685298601786,9.383058099758346,0.0,13.902527809143066,6.596646013843097,5.463462923219891
2022-11-09,,4.44912910461425,3.47550802819766,1.2826312333294498,12.276021957397461,11.042537620630345,8.200396937119086
2022-11-10,11.0,4.82964515686035,0.31376035244767486,1.8096847022803164,16.28057861328125,11.47532849330516,9.855197269622241
2022-11-11,,5.9754451115926,0.0,4.077788916147079,13.802337646484375,13.345473684485533,10.408533415705662
2022-11-12,,8.322715759277301,0.0,8.891888796188553,33.14789581298828,11.6785629490048,17.90611585272721
2022-11-13,,15.47382275263465,13.275977873967387,13.392796510172353,37.75550842285156,16.937174111977196,22.695159681667036
2022-11-14,,14.3515666325887,0.5977080319253911,0.0,3.5827980041503906,16.121672802936285,1.5122960011243844
2022-11-15,,8.078734079996702,0.0,0.0,0.0,9.846094759037125,0.0
2022-11-16,,6.74839814503985,0.0,0.0,17.092754364013672,13.770036701251978,9.826735280751599
2022-11-17,,7.4931979179382,0.0,4.188777873844996,15.320091247558594,12.17857576584046,10.56248162908135
2022-11-18,,7.75873661041255,0.0,9.28877464509659,15.5856294631958,15.84987272953414,13.574758945942177
2022-11-19,,8.134464422861699,0.0,4.399401476230726,13.361945152282715,12.794754618593487,10.185367082368975
2022-11-20,9.0,11.318306128184,4.83907942185073,14.608115682273521,23.828044891357422,15.84977436320845,18.095311645613133
2022-11-21,,11.51925325393675,3.2411187562126234,19.95063812738958,26.75727081298828,22.60709908336888,23.10500267458225
2022-11-22,,13.22762171427405,3.2235864043378175,14.832753428785564,22.90545654296875,17.889341439049563,18.542517136934624
2022-11-23,,13.94192377726235,8.142770412771254,21.26826900557687,29.179943084716797,22.303891464488437,24.25070118492737
2022-11-24,,13.99372021357215,5.232384465595581,22.845584210008884,29.840425491333008,27.00486518900345,26.563624963448447
2022-11-25,,16.5270169576009,8.807019793810477,18.369863360800654,27.49199676513672,19.88381589773281,21.91522534122339
2022-11-26,,19.531091054280548,26.178131001309474,26.68995021434204,37.815589904785156,30.213346484740338,31.572962201289183
2022-11-27,,19.5465087890625,17.26999668174164,25.62737538363826,32.523834228515625,28.177080742929938,28.776096785027942
2022-11-28,,19.5496877034505,15.414099150297048,25.397476265137723,32.52701187133789,25.133911077678764,27.68613307138479
2022-11-29,,19.5522904396057,13.776816016725425,24.331645534573628,32.52961349487305,25.77184614002015,27.54436838982227
2022-11-30,25.0,19.55509185791015,13.175059613052952,24.03782893967307,32.53241729736328,23.224923584737834,26.598389940591392
2022-12-01,,40.57141108559188,39.124172316648504,41.96422690625621,49.10151672363281,42.853164132381806,44.639635920756945
2022-12-02,,40.57646563916624,38.65530780744453,42.89973236435701,46.07796859741211,40.91394053119328,43.29721383098747
2022-12-03,,40.58555705096458,38.17747917722175,42.09202177505139,46.087059020996094,38.029271282141956,42.069450692729816
2022-12-04,,40.76355196777704,35.61914741966064,43.511677521286515,45.656368255615234,43.61389161428002,44.26064579706059
2022-12-05,,41.87402721112691,40.088788465528815,41.487468201478755,50.13092041015625,40.3491861273286,43.98919157965454
2022-12-06,,42.890637019977,42.25841849286266,45.05784278957559,47.783451080322266,44.68125588840027,45.840849919432706
2022-12-07,,43.11890608710701,40.92953167199153,44.75910849786802,48.62041091918945,47.8208872386314,47.06680221856296
2022-12-08,,43.15903720709736,39.98275948018134,44.24220847344277,48.5434684753418,47.65579276420213,46.813823237662234
2022-12-09,,43.81731648301621,38.516604359613154,41.42105098287749,48.59305953979492,41.07593652677418,43.696682349815525
2022-12-10,34.0,45.21457827615313,44.63671220849142,43.85724324737416,53.47146987915039,44.70756954283921,47.34542755645458
2022-12-11,,48.27455073303061,48.797766911335614,43.09501477727652,58.92207336425781,42.86644942346487,48.2945125216664
2022-12-12,,51.56041763455348,57.049099427717664,50.203168042458266,62.25510025024414,49.682621982230074,54.04696342497749
2022-12-13,,60.04443492447492,68.02921153413602,56.09020583817173,69.33545684814453,54.636838314266114,60.02083366686079
2022-12-14,,63.69104090459206,80.25406748570238,65.74788446619861,74.9944076538086,65.6733552831151,68.80521580104077
2022-12-15,,63.75030469717284,71.22284719616512,64.68401150832081,71.6895980834961,68.15059306432723,68.1747342187147
2022-12-16,,63.76037988114333,68.8627867014304,63.377705879207205,71.69966888427734,67.19271209183967,67.42336228510807
2022-12-17,,63.77313499620365,67.50584660100444,64.15473004865002,71.7124252319336,64.05347642915056,66.6402105699114
2022-12-18,,63.80156261966253,68.25477472432704,66.08134622221546,75.10492706298828,68.66608405317062,69.95078577945812
2022-12-19,,63.83908165491977,66.00777343132624,65.54819399377968,71.77837371826172,69.05132284788795,68.79263018664311
2022-12-20,63.0,63.860249718211385,65.11493697947446,66.44963525791239,75.16361236572266,69.59321720062287,70.40215494141931
2022-12-21,,64.42062670140658,65.58541781484043,61.90710974817381,75.11530303955078,60.23636693930573,65.75292657567677
2022-12-22,,66.03747322801547,71.9157430476689,67.91189197815247,76.7321548461914,68.20953220601488,70.9511930101196
2022-12-23,,66.24674531526838,69.76775699566394,69.2581205020857,76.94142150878906,71.61705846290519,72.60553349125999
2022-12-24,,66.48498779683388,66.60486861542789,68.1398995337758,74.40640258789062,71.13988533777952,71.22872915314865
2022-12-25,,66.69035871857636,67.93937078828694,69.78834876184948,75.55593872070312,71.66187297055724,72.33538681770328
2022-12-26,,66.67624667638198,67.58197738296771,68.20894356787423,75.54182434082031,67.27323393918931,70.34133394929462
2022-12-27,,66.69690589199828,66.20506323996126,67.42004737772159,75.56248474121094,62.09370664441876,68.35874625445042
2022-12-28,,67.11209167184731,64.78313866184271,64.9942629992001,75.36898803710938,62.67186256790633,67.67837120140526
2022-12-29,,72.29880994914123,77.1357823418364,65.68257601824403,82.94633483886719,65.03282249940948,71.2205777855069
2022-12-30,,76.48598177629607,86.47022754283768,69.86974784539888,87.13350677490234,68.81267015035976,75.27197492355366
2022-12-31,60.0,79.94872412974586,89.79855820769518,73.50780790569895,84.52806091308594,71.39786432979939,76.47791104952809
2023-01-01,,84.85496556842621,102.32249928566921,82.92191977566384,102.48361206054688,84.75606856529393,90.05386680050155
2023-01-02,,86.54383100267613,104.71444657133377,89.54447782097122,104.21964263916016,89.83614666544761,94.53342237519298
2023-01-03,,92.70784212511025,110.02901337631658,92.1286275440121,113.63302612304688,92.20123363301637,99.32096243335845
2023-01-04,,100.21395595268116,123.33088328248513,98.3241841677911,117.84260559082031,98.91970456552737,105.02883144137958
2023-01-05,,114.92314785560517,137.26951029342504,114.96963597128968,135.84832763671875,115.01899523975673,121.94565294925506
2023-01-06,,130.21659865928422,157.90357572519173,130.76129404296452,152.498291015625,130.23402626153603,137.8312037733752
2023-01-07,,132.2432711035625,145.75015777208233,136.19193523955786,153.54312133789062,137.33916804255082,142.3580748733331
2023-01-08,,134.08719938605907,141.78833300448335,133.69860342634573,146.96498107910156,138.65938011658807,139.77432154067844
2023-01-09,,136.464433955426,144.1904698944601,137.28853834880493,151.5853729248047,146.65740594273913,145.1771057387829
2023-01-10,125.0,136.46558734348997,141.0152378145385,145.7479065047823,154.32530212402344,150.2319312773577,150.10171330205446
2023-01-11,,136.6246192036037,138.89719879600008,143.5531624854657,148.56846618652344,152.11067068559177,148.07743311919364
2023-01-12,,137.26505488770948,138.3647322149072,140.70166816209397,149.2089080810547,150.55159018358665,146.8207221422451
2023-01-13,,137.90416756785947,139.85181170320783,143.9766775593104,149.8480224609375,150.07282315312375,147.96584105779053
2023-01-14,,138.48055629123684,141.19064586950282,144.01237615885148,155.73158264160156,149.16108254061706,149.63501378035667
2023-01-15,,139.17842391629233,142.97539611049262,146.50505981780617,156.429443359375,150.82359087681266,151.25269801799794
2023-01-16,,139.62892372480576,143.36727582758346,145.4803919080906,156.87994384765625,153.43053977676354,151.93029184417014
2023-01-17,,140.99110895152677,146.37416125842662,145.30038575562048,158.24212646484375,149.03737318714735,150.85996180253719
2023-01-18,,141.59667160828678,147.56568424234166,149.1885584982413,158.84768676757812,153.40384611187187,153.81336379256376
2023-01-19,,141.70437769955407,146.56497642724736,151.54610491164564,158.9553985595703,159.50641337054563,156.66930561392053
2023-01-20,122.0,144.1015590977919,151.11849221110623,145.4077120190941,154.4563751220703,149.84315417071184,149.90241377062543
2023-01-21,,145.74998810344636,157.57220174822166,153.36063530637227,163.7267608642578,157.49007894868515,158.1924917064384
2023-01-22,,145.76287891122007,154.40128001706105,154.45171651677248,158.4324951171875,157.3025728799036,156.72892817128786
2023-01-23,,145.70500596895175,150.53496412048284,153.11446222389173,157.76593017578125,161.33664295467577,157.40567845144957
2023-01-24,,147.0756719902608,154.89632444880084,148.60523483077912,158.3284149169922,153.54844013938083,153.49402996238405
2023-01-25,,150.87289688226036,163.6531601995721,152.06101323311387,167.95050048828125,152.71072635015324,157.57408002384943
2023-01-26,,151.6997743545882,164.50180575731298,160.65561355319784,172.1143341064453,164.9399099392603,165.90328586630116
2023-01-27,,151.64274949177866,162.30795131336097,162.28314167797964,172.05731201171875,165.12883438626847,166.48976269198894
2023-01-28,,151.58419808594329,161.05270024981357,162.16010229489171,169.56097412109375,157.00090549471446,162.90732730356663
2023-01-29,,151.55041060030476,159.9231997529899,162.64103090612684,169.52719116210938,161.60952428697325,164.59258211840316
2023-01-30,,151.5744960569346,159.26830550259115,162.68531202783922,169.55126953125,161.74800574866208,164.66152910258378
2023-01-31,141.0,151.58772609649185,157.94556443205815,162.9081777227187,171.30038452148438,163.2021852139308,165.80358248604463
2023-02-01,,151.89147423545484,162.23486452023602,164.64738362650462,170.9954376220703,167.12478504051475,167.58920209636324
2023-02-02,,152.02713302568418,163.07351016692888,164.62499051983445,171.73977661132812,165.7127801920847,167.35918244108242
2023-02-03,,153.11423519914956,164.93292503805182,158.05395237570343,165.20492553710938,160.4788941460991,161.2459240196373
2023-02-04,,157.42410716240323,175.37574359022503,160.81506865387877,172.96759033203125,160.6203508266445,164.8010032708515
2023-02-05,,160.17975478628574,180.2374452213093,167.58942649720177,181.8385772705078,173.63027594933146,174.35275990568036
2023-02-06,,161.3847060813457,179.07607240147325,169.08257280989585,183.0435333251953,173.88895959072474,175.33835524193864
2023-02-07,,162.40698106098057,180.96326305360526,169.87179638044222,184.06581115722656,173.5393888822945,175.8256654733211
2023-02-08,,163.1958306503759,182.3287636541164,174.27946048598926,184.8546600341797,179.3513120226268,179.4951441809319
2023-02-09,,163.9152394936849,181.72710450858762,174.1744674931218,185.57406616210938,178.64391237823833,179.46414867782315
2023-02-10,175.0,166.50367977147084,186.42849804529754,173.22433893108868,188.22994995117188,175.7780944838865,179.07746112204904
2023-02-11,,166.88100728427918,185.17890918411237,177.45458407346166,189.21597290039062,182.2430346403016,182.97119720471798
2023-02-12,,167.3673638923105,184.10986495683494,177.24545178319192,189.09364318847656,182.4405243826776,182.92653978478202
2023-02-13,,167.7645364644547,185.3869404984499,178.7877949220392,190.09950256347656,182.10307235510612,183.66345661354066
2023-02-14,,167.77328864446952,183.28990119837326,179.7934174277367,190.10824584960938,176.9631878907611,182.2882837227024
2023-02-15,163.0,168.12524161987062,182.11809703311874,177.02307650989763,187.41372680664062,178.32374376415981,180.9201823602327
2023-02-16,,169.48240621619556,185.5692926883164,180.55449655675392,192.40817260742188,184.600923625784,185.8545309299866
2023-02-17,,169.52148571765696,184.84639102898836,182.42830578642355,189.4186553955078,189.50396612127088,187.1169757677341
2023-02-18,,169.65029202585913,181.60629264018547,181.64700169414567,183.63160705566406,184.81422205027425,183.36427693336134
2023-02-19,,170.9829301642356,184.94809654697644,181.6164761702725,190.2714080810547,186.582948934857,186.15694439539473
2023-02-20,168.0,171.1371788562018,184.53722442106485,181.64797200415381,191.0343475341797,182.27799495922068,184.98677149918475
2023-02-21,,171.15712568507269,182.55538832699784,183.90720892814866,190.4456024169922,184.78994708611938,186.38091947708674
2023-02-22,,171.4638590637307,182.92624931693163,184.10446066691472,194.9850616455078,184.66859937980394,187.91937389740883
2023-02-23,,172.84775512459697,184.74334873189076,182.4973822924346,195.76026916503906,180.90441540702957,186.3873556215011
2023-02-24,,174.34407259852145,186.03435176916756,174.39589687993364,197.22341918945312,179.58467904429466,183.73466503789382
2023-02-25,163.0,184.2054387758872,204.66082023542327,183.4553095126188,203.42147827148438,186.14794475042495,191.00824417817603
2023-02-26,,186.97061881288656,209.59562384399044,198.00110737161884,209.30557250976562,199.30266521426034,202.2031150318816
2023-02-27,,186.9030438416096,202.2655967793543,198.56417542657485,209.23800659179688,200.5433266238657,202.78183621407914
2023-02-28,187.0,186.76880982487103,200.13737449674485,198.88945823727124,209.0950164794922,193.74644126143232,200.57697199273193
2023-03-01,,96.6945884088682,112.28544479873447,108.50404075608819,120.20703887939453,84.58071338794788,104.43059767447687
2023-03-02,,96.64302459414829,111.44563869602416,71.49565848159277,105.1366958618164,88.18451704491162,88.2722904627736
2023-03-03,,95.72861499723268,111.95469908970485,96.22705308731176,117.3790512084961,98.42757351454969,104.01122593678583
2023-03-04,,95.83851215627914,108.33563198382444,102.52786224262616,117.6313705444336,103.65762877924011,107.93895385543328
2023-03-05,151.0,95.46818811620513,100.81600719387342,108.43625472492322,132.41067504882812,107.43537555415666,116.09410177596935
2023-03-06,,95.10254120567754,101.4246760068525,106.97999283528816,107.56449127197266,97.5233458154399,104.02260997423356
2023-03-07,,95.57905454880893,93.34047906187384,69.35675361743591,76.77439880371094,87.30591940988265,77.81235727700984
2023-03-08,,98.16683032331532,97.47096892548876,95.70140961393372,109.52220916748047,96.30871982763178,100.51077953634865
2023-03-09,,98.49133695618782,93.58653613225702,103.49068939946967,107.32925415039062,105.64376416734935,105.4879025724032
2023-03-10,96.0,98.56019384199384,89.63405714748183,102.62488261188959,107.39810943603516,92.97697386677888,100.99998863823453
2023-03-11,,98.66684470388805,87.70209425455519,70.2292825689502,97.71717834472656,81.7725476863512,83.23966953334265
2023-03-12,,98.97531985982836,92.56762013330189,92.8029717642874,114.27330780029297,96.28920139260461,101.12182698572833
2023-03-13,,99.25537068406796,92.26615861210605,101.03409381481872,108.0932846069336,88.61933575941406,99.24890472705546
2023-03-14,,99.31591951081128,87.3703469179491,103.19075647825683,108.1538314819336,83.29802333716334,98.21420376578459
2023-03-15,87.0,99.75539275728798,85.75655356008605,101.56321505944085,93.38417053222656,83.35778456869166,92.76839005345302
2023-03-16,,99.51008192816624,95.3659050111735,91.97931831082728,104.92696380615234,97.18654639428767,98.03094283708911
2023-03-17,,99.21018407394344,97.11243984347257,102.3224745234892,106.25057983398438,98.87876948297966,102.48394128015109
2023-03-18,,99.34445153957395,93.82765490692171,102.36025904579647,106.38484954833984,96.31308603247709,101.6860648755378
2023-03-19,,99.23896226741908,95.35591863523169,99.20727568519209,102.13838195800781,103.88614446533995,101.74393403617995
2023-03-20,54.0,99.08959413517736,99.58544628088387,102.12922137260279,79.10971069335938,83.06946838708038,88.10280015101416
2023-03-21,,99.17779802889336,95.11824058291687,103.50073139197006,79.19791412353516,80.57743129459459,87.75869227003328
2023-03-22,,99.22343081256015,93.87038384342463,101.54942550265118,79.2435531616211,83.15965410456685,87.98421092294637
2023-03-23,,99.26847895503364,92.83739930709022,97.48525814638845,79.2885971069336,75.9299493787046,84.23460154400888
2023-03-24,,99.31105775773014,91.68035478115372,98.92481546754703,79.39653015136719,90.72285930606938,89.6814016416612
2023-03-25,28.0,99.56566899741377,89.2885542097073,63.32107099886551,38.084835052490234,53.39758399401319,51.60116334845631
2023-03-26,,100.56484387471107,88.13968443568798,60.16179558952817,37.97743606567383,42.412003164098635,46.850411606433546
2023-03-27,,102.49098274928548,88.10308483742024,62.13726638590968,39.9035758972168,44.05194465815714,48.697595647094545
2023-03-28,,104.73981279197426,88.63536145946813,59.48064861302319,42.152408599853516,47.24856233956659,49.62720651748109
2023-03-29,,107.24370024788888,89.28878890994876,61.225197030051845,44.65629196166992,50.03864717599711,51.97337872257296
2023-03-30,,108.35008755033188,91.93627546854222,100.87940090257953,87.3289794921875,99.47542824853161,95.89460288109956
2023-03-31,,108.71522674613897,90.75461492436332,103.81304869458263,88.73534393310547,114.79999235345056,102.44946166037955
2023-04-01,,109.00715501777935,89.52989836138738,99.24080674938875,89.02727508544922,100.82287979930986,96.36365387804928
2023-04-02,,109.30353733219503,88.17983252160167,100.76754396766464,89.32365417480469,100.64896723330118,96.91338845859018
2023-04-03,,110.54025346486102,87.7422143425318,98.7394949914727,94.18441009521484,95.0057707872069,95.97655862463148
2023-04-04,,112.85587876388468,90.28744601095549,62.63529754673437,50.26847457885742,62.951539242675466,58.61843712275575
2023-04-05,,115.67100303611328,93.07237332623787,66.71619361977397,53.08359909057617,66.53676926382728,62.1121873247258
2023-04-06,,118.78166343155678,95.7095014355761,66.41399998268315,56.19425582885742,69.93362703978667,64.18062761710908
2023-04-07,,122.35085176079026,99.49153369271492,72.5071259458222,59.76344680786133,89.89437881687837,74.05498385685397
2023-04-08,,123.50673355583474,107.6633256056467,107.9327653766349,106.0443115234375,121.78199584971105,111.91969091659449
2023-04-09,,124.20417203620929,107.0651623011375,111.39421804891992,107.84832763671875,112.34403478741453,110.5288601576844
2023-04-10,,126.41593121165424,108.6618894889362,80.11691913768857,64.93510437011719,81.34923234604665,75.46708528461747
2023-04-11,,129.4431648473428,119.76829604775658,79.34199188432208,66.85575866699219,102.74697431203022,82.98157495444816
2023-04-12,,131.0948685301922,132.72909493880096,114.10014128814079,113.6324462890625,113.3638195986887,113.69880239196398
2023-04-13,,132.976366972599,143.92933632975138,89.34485764039874,71.49552917480469,107.49727670204578,89.44588783908307
2023-04-14,,134.87940482739063,161.0226283167638,86.89627601192856,109.54661560058594,117.29711065346477,104.58000075532642
2023-04-15,,135.65283897024733,172.59807792053755,118.31869364478646,145.52926635742188,131.84798573731908,131.89864857984244
2023-04-16,,135.35684128819565,163.138297946755,122.67313771693468,142.39723205566406,134.8860783437588,133.31881603878585
2023-04-17,,135.51838688108214,162.42938363007107,125.77321284829453,145.14488220214844,134.3799775234584,135.09935752463377
2023-04-18,,135.80468413491334,170.7150440655201,126.5050690322834,142.84507751464844,132.61149309554662,133.98721321415948
2023-04-19,,135.59518257888143,160.86706728794488,128.3648169225095,148.05714416503906,140.24348490790928,138.88848199848596
2023-04-20,,135.7592667453704,161.94904278825976,127.36124148641528,148.22122192382812,124.89534509331435,133.49260283451926
2023-04-21,,136.29029018713004,167.33208788356248,97.55724770295674,116.9806900024414,97.52941838344124,104.02245202961313
2023-04-22,,136.79815876057594,174.8323670998823,90.03411045944708,116.38198852539062,91.44941826359697,99.28850574947823
2023-04-23,,137.10454151645607,178.9418003545327,90.34049321532717,116.68836975097656,91.75580101947709,99.59488799526027
2023-04-24,,137.2773337596663,181.95333224888378,91.78658432016516,116.86116027832031,111.26204568372782,106.63659676073776
2023-04-25,,137.32122800504774,185.27569807793412,90.62651693064396,116.90505981445312,110.35186444697995,105.96114706402568
2023-04-26,,137.3291052758628,182.40593169849765,92.05359021867196,116.91293334960938,106.31776629380181,105.09476328736105
2023-04-27,,137.33239003625147,182.79883398612176,90.06245884239986,116.91622924804688,97.61404930992201,101.53091246678957
2023-04-28,,137.33326699804144,182.79640967390856,90.56921869691257,116.91709899902344,92.27072388157836,99.91901385917146
2023-04-29,,137.33349777745985,182.8483474336407,91.55765155280204,116.91732788085938,94.207321275493,100.89410023638482
2023-04-30,,137.33353624069625,184.91755841985014,90.9695872536372,116.91737365722656,93.91962793188519,100.60219628091632
2023-05-01,,137.31612008725364,181.14026592292925,95.37123919291861,116.89994812011719,108.82348112548655,107.03155614617413
2023-05-02,,137.27150273302786,179.58473687533123,95.19186806734263,116.85533142089844,118.12691059892049,110.05803669572053
2023-05-03,,137.2944806704541,179.3309391227167,92.54026512354018,116.87831115722656,116.03753732174263,108.48537120083647
2023-05-04,,137.32058182267622,179.3406404746843,91.03885270529568,116.9044189453125,105.55413048128537,104.4991340439645
2023-05-05,,137.330620727377,179.04589137397448,90.96667174031796,116.91445922851562,98.84909727397617,102.24340941426992
2023-05-06,,137.33305929656487,178.92702387490667,91.97532436969551,116.91688537597656,112.4827535382377,107.12498776130326
2023-05-07,,137.33349008481255,179.2441997319844,90.06355889096095,116.91732788085938,103.98407509411953,103.65498728864662
2023-05-08,,137.33353624069625,179.1109338510732,90.56948793956737,116.91737365722656,96.49771453731985,101.32819204470458
2023-05-09,,137.33353624069625,178.56813506611732,92.56390407622817,116.91737365722656,111.67742817705361,107.05290197016944
2023-05-10,,137.33353624069625,180.02343132699167,91.05180712331571,116.91737365722656,106.71742839901572,104.89553639318599
2023-05-11,,137.33353624069625,178.23688685485774,92.00166761332711,116.91737365722656,115.77574542912805,108.23159556656059
2023-05-12,,137.33353624069625,180.39889184131061,91.97371350688485,116.91737365722656,121.71083686723661,110.20064134378266
2023-05-13,,137.33353624069625,178.77157151851435,92.01708423088127,116.91737365722656,121.0976788943471,110.01071226081831
2023-05-14,,137.33353624069625,180.52298196452676,90.27875914657793,117.42230224609375,125.37304711620177,111.02470283629115
2023-05-15,,137.33353624069625,182.65960801689016,90.07658870339142,116.91737365722656,118.62605586413908,108.54000607491902
2023-05-16,,137.33353624069625,178.24266376552637,91.4957847206044,116.91737365722656,112.12356132063704,106.84557323282267
2023-05-17,,137.33353624069625,179.09790004373946,91.4957847206044,116.91737365722656,118.14043322402668,108.85119720061921
2023-05-18,,137.33353624069625,178.8751640181045,90.06360504684463,116.91737365722656,99.77801490604685,102.25299787003935
2023-05-19,,137.33353624069625,177.90324083082538,90.56948793956737,116.91737365722656,98.06752409883781,101.8514618985439
2023-05-20,,137.33353624069625,178.0025215999441,90.56948793956737,116.91737365722656,98.06752409883781,101.8514618985439
2023-05-21,,137.33353624069625,178.40350773303516,90.56948793956737,116.91737365722656,98.06752409883781,101.8514618985439
2023-05-22,,137.33353624069625,177.67265477496932,90.56948793956737,116.91737365722656,98.35372147935371,101.94686102538253
2023-05-23,,137.33353624069625,177.9686544255715,92.0016676133271,116.91737365722656,109.34524816600015,106.08809647885126
2023-05-24,,137.33353624069625,177.7566302566602,91.05180712331571,116.91737365722656,103.14787252083016,103.70568443379081
2023-05-25,,137.33353624069625,178.15023241129387,90.56948793956738,116.91737365722656,96.38919904660142,101.29202021446513
2023-05-26,,137.33353624069625,177.87860486993918,91.49191412029563,116.91737365722656,99.56600736773183,102.65843171508466
2023-05-27,,137.33353624069625,178.02470332740438,92.00166761332711,116.91737365722656,102.11308108957391,103.67737412004253
2023-05-28,,137.33353624069625,178.27434377541084,89.4656230222073,116.60106658935547,119.56804687800673,108.54491216318984
2023-05-29,,137.33353624069625,178.03366762717067,88.90967519069952,116.91737365722656,124.14328684668268,109.99011189820293
2023-05-30,,137.33353624069625,177.8699943244837,90.05182642106504,116.91737365722656,118.815205403476,108.59480182725588
2023-05-31,,137.33353624069625,177.09034972780705,90.58490455712152,116.91737365722656,107.50185293322367,105.00137704919058
2023-10-01,,0.0,18.210376089569937,0.0,0.0,0.0,0.0
2023-10-02,,0.0,16.800743417320415,0.0,0.0,0.0,0.0
2023-10-03,,0.0,16.3648372725415,0.0,0.0,0.0,0.0
2023-10-04,,0.0,17.87680499381972,0.0,0.0,0.0,0.0
2023-10-05,,0.0,17.18378910564056,0.0,0.0,0.0,0.0
2023-10-06,,0.0,16.93404403200254,0.0,0.0,0.0,0.0
2023-10-07,,0.0,16.433483104644868,0.0,0.0,0.0,0.0
2023-10-08,,0.0,17.30251338996615,0.0,0.0,0.0,0.0
2023-10-09,,0.0,18.07172922722727,0.0,0.0,0.0,0.0
2023-10-10,,0.0,17.153600209829328,0.0,0.0,0.0,0.0
2023-10-11,,0.0,17.179070967677486,0.0,0.0,0.0,0.0
2023-10-12,,0.0,18.42677040804343,0.0,0.0,0.0,0.0
2023-10-13,,0.0,19.91625039379607,0.0,0.0,0.0,0.0
2023-10-14,,0.0,19.99187633761204,0.0,0.0,0.0,0.0
2023-10-15,,0.0,19.723072765424522,0.0,0.0,0.0,0.0
2023-10-16,,0.0,21.203926918141676,0.0,0.0,0.0,0.0
2023-10-17,,0.0,18.048892125118478,0.0,0.0,0.0,0.0
2023-10-18,,0.0,17.60642164525799,0.0,0.0,0.0,0.0
2023-10-19,,0.0,17.925751556048176,0.0,0.0,0.0,0.0
2023-10-20,,0.0,18.371015846988715,0.0,0.0,0.0,0.0
2023-10-21,,0.0,18.70417034398243,0.0,0.0,0.0,0.0
2023-10-22,,0.0,19.538290704746764,0.0,0.0,0.0,0.0
2023-10-23,,0.0216563542683919,25.162607568039768,0.0,0.0,0.0,0.0
2023-10-24,,0.0341137250264485,20.217306031386105,0.0,0.0,0.0,0.0
2023-10-25,,0.0150005022684733,17.857579078684527,0.0,0.0,0.0,0.0
2023-10-26,,0.0025033950805664,20.11429304407599,0.0,0.0,0.0,0.0
2023-10-27,,0.0502864519755045,26.447102629016847,0.0,10.394641876220703,3.5982415305484747,3.143861994065004
2023-10-28,,0.0718037287394205,19.065848741591633,0.0,11.522736549377441,0.0,2.985826992604555
2023-10-29,,1.94140275319415,10.989943435337386,0.0,13.77625560760498,1.1032503785787546,4.324161839374438
2023-10-30,,1.0876059532165498,17.8947855936994,0.0,0.0,0.9799451898582261,0.0
2023-10-31,,0.3457268079121907,23.90169772819199,0.0,0.0,0.23806604455386693,0.0
2023-11-01,,0.7012089093525999,27.40461363908009,0.0,0.0,0.5935481459942762,0.0
2023-11-02,,4.16870911916095,15.369205425082402,0.0,17.099172592163086,5.695181405010253,5.836714069491595
2023-11-03,,5.3886771202087,12.853157762281576,3.004465888285331,13.215570449829102,12.96626429000038,9.728766876038272
2023-11-04,,5.2192211151123,3.6328869058945426,6.365223619126946,13.046113967895508,13.710877469076046,11.040738352032832
2023-11-05,,5.6943496068318495,2.2088567305848295,3.57536855416419,17.145282745361328,11.032230083280357,10.584293794268625
2023-11-06,,5.8877865473429,1.4739731608710507,5.713270387031022,13.714679718017578,10.195462768067763,9.874470957705455
2023-11-07,,5.8190822601318,0.0,5.1559672979187505,13.645975112915039,4.492081397760354,7.764674602864715
2023-11-08,,5.7129661242167,0.0,6.2637620919281485,13.605212211608887,5.196003199475786,8.354992501004274
2023-11-09,,5.4799715677897,0.0,6.867019083832439,16.930904388427734,13.488667265023576,12.428863579094582
2023-11-10,,3.3750534057617,5.957160241528564,0.0,0.0,5.544716419666597,0.0
2023-11-11,,1.6526182492574002,14.994798465367646,0.0,0.0,3.122751461115137,0.0
2023-11-12,,0.9529590606689,18.978040793466402,0.0,0.0,6.238956663642902,0.0
2023-11-13,,0.62668323516845,22.525185634975323,0.0,0.0,2.6385398982937183,0.0
2023-11-14,,1.18037064870195,18.351795032725718,0.0,0.45216625928878784,6.071758534104073,0.0
2023-11-15,,0.99909305572505,19.054871398015802,0.0,0.0,0.0,0.0
2023-11-16,,0.6816585858662499,19.38932320077643,0.0,0.0,0.0,0.0
2023-11-17,,0.3610452016194661,21.97438162591618,0.0,0.0,5.032144465271284,0.0
2023-11-18,,0.1136263211568196,24.064554644515834,0.0,0.0,1.0497983367769594,0.0
2023-11-19,,0.0923871994018554,26.369125283220768,0.0,10.436742782592773,1.819771607116912,2.1890525673304158
2023-11-20,,0.2130270004272461,24.748410315074995,0.0,3.96134352684021,11.800156487490788,4.23712805124017
2023-11-21,,0.2217292785644531,24.27169950283248,0.4224592319231255,5.07662296295166,5.624472513248785,3.7078515693745238
2023-11-22,,0.2161264419555664,23.51967392168554,0.7669224096670157,5.136373519897461,0.0,1.458395503021866
2023-11-23,,1.3780395189921,18.71897370286224,0.0,10.24089527130127,6.498168021122402,4.379442259348007
2023-11-24,,2.8785864512125503,13.987219597984812,0.0,0.0,4.815382535528728,0.0
2023-11-25,,4.9063165982564,9.19376391905454,0.0,8.137701034545898,10.272526548860949,4.745687625137573
2023-11-26,,5.0077040990193495,6.540809150906261,4.014124751942139,13.486639022827148,6.98205797103485,8.160940581934712
2023-11-27,,4.9502650896708,4.328913969039228,4.974563704326948,9.870512008666992,0.0,4.634238919287486
2023-11-28,,4.9388806025187,4.181893202249977,4.343219190190943,9.793773651123047,6.150101061832064,6.762364634382018
2023-11-29,,4.92127736409505,2.6933247736900072,4.569737372355397,9.77617073059082,4.457216476442366,6.267708193129528
2023-11-30,,5.0478180249532,1.560447432172119,0.0,8.397649765014648,9.448987163996097,5.603351079079933
2023-12-01,,17.344550099821205,17.314161026227925,6.008455750944721,21.00997543334961,17.2407589444895,14.753063376261276
2023-12-02,,18.051339520783312,14.314721912874743,9.482107026104655,21.716766357421875,18.5036347757984,16.56750271977498
2023-12-03,,19.134947606878463,19.28384858777144,9.515090360489845,25.38648223876953,14.11142629988375,16.337666299714375
2023-12-04,,20.183954051054634,32.68107014605767,11.671415317019093,19.118764877319336,18.920389170259497,16.57018978819931
2023-12-05,,27.352193022240417,30.128578274499645,22.395802430532928,37.96052932739258,20.285426510220354,26.88058608938195
2023-12-06,,36.03452521280711,44.71456898315412,29.925211240056868,51.33509063720703,28.832816972644896,36.69770628330293
2023-12-07,,35.745296194178735,39.162307297183595,38.05803075511087,44.00218963623047,37.47534591775225,39.84518876969786
2023-12-08,,35.79438303325392,35.539300522808546,38.582013409732795,44.65996551513672,40.33095077135183,41.19097656540711
2023-12-09,,35.81192131646188,33.70089288078838,35.69633329813071,41.31342315673828,38.02373063563456,38.344495696834514
2023-12-10,17.0,35.81904518391582,32.07043481152349,36.35803182495441,41.20347595214844,33.71553486481285,37.09234754730523
2023-12-11,,35.86083853964536,30.315606343827113,37.005081098157554,41.245269775390625,38.079868209783456,38.776739694443876
2023-12-12,,35.89910388482632,31.241364763330296,37.142671732393154,41.28353500366211,39.20198257353592,39.2093964365304
2023-12-13,,35.92200203021383,30.206078049741947,36.88165700928486,41.30643081665039,38.210904162652476,38.7996639961959
2023-12-14,,35.93139875061729,28.685757469910875,36.891053729688316,41.31583023071289,37.86994779780101,38.69227725273407
2023-12-15,,35.935164223414375,27.4807250817317,36.57153324143562,41.31959533691406,36.605752044671796,38.16562687434049
2023-12-16,,35.94954765103557,26.652049614628552,36.585916669056814,43.96769332885742,36.721512054995635,39.091707350969955
2023-12-17,,35.95921575686585,26.296546401773462,36.60316453943458,43.97736358642578,38.6625776187146,39.74770191485832
2023-12-18,,35.966644932925,24.54278115244881,36.58817800288567,43.98479080200195,32.98538797400786,37.852785592965155
2023-12-19,,35.91440323826306,22.28420769054153,33.47372496927785,45.963111877441406,35.15633691814283,38.197724588287365
2023-12-20,21.0,37.29806183688082,29.744004546203904,31.030033482650204,39.87770080566406,32.03974695469615,34.31582708100347
2023-12-21,,40.08532586298732,39.03455021718776,33.15097587584804,42.66496658325195,31.80153901594459,35.872493825014864
2023-12-22,,42.02983636929728,43.74010277736516,44.01837326453988,50.28672790527344,42.11138670483169,45.47216262488167
2023-12-23,,42.024883585257854,41.86220303519399,44.3997655167151,50.890464782714844,44.69792530723924,46.662718535556394
2023-12-24,,41.99574357505354,38.64121389123857,43.9718193060008,50.74424743652344,38.728892981600374,44.48165324137488
2023-12-25,,41.526586018446594,36.391338902856226,41.492610846139314,50.34044647216797,31.017559241890005,40.950205520065765
2023-12-26,,42.45489379404668,37.41170073490417,37.87042106317805,47.93178939819336,38.63804023822444,41.48008356653195
2023-12-27,,44.76038084119933,42.45775546904937,37.41319528520309,56.60814666748047,37.32248938160714,43.781277111430235
2023-12-28,,52.02669172100048,55.58246124666464,49.33040807784628,63.907623291015625,46.81148554814904,53.349838972336975
2023-12-29,,52.30316562456864,50.670373902559945,48.900917973796425,64.06702423095703,49.77262758894781,54.246856597900425
2023-12-30,36.0,53.41571018179791,51.439148426281264,45.92925266826644,54.54225540161133,47.39942420857792,49.29031075948523
