seed,MAE,RMSE,R2,NSE,KGE,Willmott's d,PBIAS (%),RSR,MAPE (%),SMAPE (%),Explained Var,Pearson r,p_value,improved_%,mean_correction,std_correction,max_abs_correction
42,9.712429252830711,18.522404098427955,0.8708972589448885,0.8708972589448886,0.9002819448859675,0.9646843571105822,2.436668461239381,0.3593086988301692,16.809669847854526,12.368954672460832,0.8731825301937542,0.9344588600446964,3.3629185054451227e-06,81.08108108108108,1.5822872261743288,7.635354404830331,13.536144256591797
123,8.662685961336702,18.55140346850177,0.8704926863052749,0.870492686305275,0.8908202577357677,0.9641185193802878,3.5898141335955853,0.35987124599590137,16.266851961178517,10.356215902495562,0.8754527676373154,0.9358015715104581,1.264706952497363e-07,89.1891891891892,2.019099449789202,7.564202213380369,14.470002174377441
456,8.902007386491105,17.146276132626983,0.8893680975917795,0.8893680975917796,0.8961534962930638,0.9695405812860933,3.561771623212759,0.332613743564739,16.382033181047206,11.7677247732436,0.8942509883780279,0.9460426649787033,2.148881321772933e-07,86.48648648648648,1.965143616135056,7.435889912970129,14.50794506072998
789,9.055432783590781,19.425898510550507,0.8579952131396692,0.8579952131396693,0.88546641018881,0.9609088228521387,4.058472400422551,0.3768352250788668,17.070098875691258,11.405649548337507,0.8643349329665612,0.929756651200066,2.148881321772933e-07,89.1891891891892,2.2278465188636973,7.447109367733968,14.578322410583496
1024,9.820472201785526,18.715891488875535,0.8681859237240833,0.8681859237240834,0.8995119928554094,0.9639693051176162,2.3677057279487275,0.3630620832252145,16.67300774226781,12.068300252126601,0.8703436697290426,0.932930330173222,8.218921720981598e-07,81.08108108108108,1.1985736996740908,7.605868841434942,13.993340492248535
2048,8.217039211376294,17.207172713866164,0.8885808632903246,0.8885808632903247,0.9027484280789646,0.9695873541150244,3.624574517515525,0.3337950519549448,14.992888626930645,10.112530455399298,0.8936374672132533,0.9454841549355888,2.9613147489726543e-08,83.78378378378379,2.168126149757488,7.708978161733391,14.649081230163574
4096,8.227458850757495,17.998676556649368,0.8780948933986492,0.8780948933986493,0.8960228020474963,0.9666572600999986,3.9292890588462672,0.3491491180015682,15.680292061105366,10.366476513165258,0.8840374431927396,0.9403677798880845,2.158049028366804e-08,89.1891891891892,2.3575242826262035,7.703939587977792,14.709023475646973
8192,8.470305571684966,16.641581688520546,0.8957850665035688,0.8957850665035689,0.9003405171065417,0.9713701538958581,3.465979396181814,0.32282337817507073,14.754754303516423,10.333675714282261,0.9004088429140285,0.9493057962658797,4.0236045606434345e-08,89.1891891891892,1.9686931589165249,7.298604016269135,13.918220520019531
16384,8.121597882863638,17.284925866768727,0.8875716606435523,0.8875716606435524,0.8909607754960106,0.9688736284563773,3.984478385227898,0.33530335422774393,15.56559327180628,10.535104089958804,0.8936823164509023,0.9458806436778361,5.398760549724102e-09,89.1891891891892,2.4267389556846104,7.620917045704413,14.219186782836914
32768,9.873072933506322,18.669933166472358,0.8688324882685251,0.8688324882685252,0.8853819180208159,0.9633910956563354,2.3609874721263457,0.3621705561353535,17.148612970701784,11.973592755495266,0.8709780066362292,0.933569012059953,5.788315320387483e-07,83.78378378378379,1.232797714453694,7.3917841764741805,14.952398300170898
555,8.900157516067093,18.006346667591135,0.8779909718776413,0.8779909718776414,0.8914708413493152,0.9663282782456081,3.379473337064293,0.3492979074118265,15.91175193766709,10.962053356712884,0.8823868224421553,0.9396426455437646,3.565073711797595e-07,86.48648648648648,1.8635447822712563,7.7726604789517095,14.468090057373047
1111,8.961573626544025,17.726447024851883,0.8817546291569651,0.8817546291569652,0.8963183812459465,0.9673835094048834,3.0902363029409834,0.3438682463429264,16.110006420416486,11.112155400737509,0.885430229233525,0.9412031903936577,1.8866558093577623e-07,83.78378378378379,1.8775992544518936,7.628543904273909,13.564044952392578
2222,8.868966076825116,17.96146058467409,0.8785985000515826,0.8785985000515828,0.8860834192279419,0.9662221530723777,3.6297416890896224,0.34842718026632186,18.089936865735073,12.386580175072675,0.8836695315792569,0.9405371252371473,7.799826562404633e-09,89.1891891891892,2.1484419574608675,7.139848118293365,14.273728370666504
4444,8.565866882736618,18.228463459482093,0.8749623285189005,0.8749623285189008,0.8966714725563012,0.9659238212611001,4.0388932526269805,0.35360666209931574,16.07326564893578,10.918389336727454,0.8812410269120484,0.9388164508527668,6.271875463426113e-08,89.1891891891892,2.1678139760687545,7.365578285366954,13.91714096069336
8888,10.523484255816486,20.763493606984767,0.8377660992841038,0.8377660992841041,0.8748948168878155,0.9545870883545858,2.276621981141087,0.4027826966439753,17.914745209681218,12.856497531010941,0.8397610249647535,0.9164089712254336,1.6080884961411357e-06,83.78378378378379,1.1543686116063916,7.293772480043443,12.928481101989746
7777,8.322805198463234,16.52421785365927,0.8972498232822052,0.8972498232822053,0.8950333186752013,0.9714713295969938,3.6209767543969136,0.3205466841471446,15.965342061979698,11.276789092163494,0.9022963937879334,0.9505668949595587,1.9936123862862587e-09,91.8918918918919,2.0546195031823338,7.295673768778817,13.249238967895508
9999,9.077552125260636,17.771182374149447,0.8811570561975925,0.8811570561975927,0.9035907549253737,0.9674822764867093,2.705034146902643,0.34473604946731584,16.050642327077497,11.172465077596451,0.8839734305139383,0.9402621808378088,1.83499651029706e-08,89.1891891891892,1.5875092619979703,7.155640656945125,14.361227989196777
3333,9.230921255575645,18.279949093072943,0.874255002287172,0.8742550022871721,0.8967967916139254,0.9655125156007751,3.1736959562397633,0.35460541128520273,16.1072883627868,10.97561532617994,0.878131821138533,0.9371722092001146,8.3498889580369e-08,86.48648648648648,1.8665259416038926,7.547921920820499,14.664356231689453
6666,10.671027982557142,18.291649961975672,0.8740939737614767,0.8740939737614768,0.889629837609924,0.9648616551606444,2.1746248054605757,0.35483239175481573,18.0273456590111,13.413824283898412,0.8759141504454152,0.9362002949981846,4.0320446714758873e-07,83.78378378378379,1.144788902353596,7.066425278238796,13.218311309814453
10000,9.284478032911146,19.19153147102346,0.8614010250142122,0.8614010250142123,0.8766050541879282,0.9608832365033484,3.160338016960512,0.3722888327437439,18.251413784833872,11.98649177598715,0.8652452778425936,0.9305950737852889,1.103180693462491e-07,83.78378378378379,1.6992327266850986,7.194819356953587,13.363624572753906
