date,observed_swe,ERA5_Land,PINN_prediction,PINN_std,PINN_physics,PINN_correction,n_predictions,bias_vs_ERA5,absolute_error,is_observed
2021-10-13,,0.9594758152961731,0.9594758152961731,0.0,0.9594758152961731,0.0,1,0.0,,False
2021-10-14,,0.6272196769714355,0.0,0.0,1.2497868537902832,-6.859667778015137,1,-0.6272196769714355,,False
2021-10-15,,0.37620463967323303,0.0,0.0,0.1991218626499176,-6.373692512512207,1,-0.37620463967323303,,False
2021-10-16,,0.23955106735229492,0.0,0.0,0.31989049911499023,-6.857494831085205,1,-0.23955106735229492,,False
2021-10-17,,0.15155474841594696,0.0,0.0,0.19520971179008484,-6.1517534255981445,1,-0.15155474841594696,,False
2021-10-18,,0.09699662774801254,0.0,0.0,0.04006131738424301,-5.215409278869629,1,-0.09699662774801254,,False
2021-10-19,,0.06268421560525894,0.0,0.0,0.17549313604831696,-5.8596720695495605,1,-0.06268421560525894,,False
2021-10-20,,0.03745158389210701,0.0,0.0,0.5578445792198181,-7.4469451904296875,1,-0.03745158389210701,,False
2021-10-21,,0.015020370483398438,0.0,0.0,0.847386360168457,-8.36986255645752,1,-0.015020370483398438,,False
2021-10-22,,0.4468957483768463,0.0,0.0,0.2571202516555786,-5.564886569976807,1,-0.4468957483768463,,False
2021-10-23,,0.3428459167480469,0.17142295837402344,0.17142295837402344,0.3415914922952652,-3.1875386238098145,2,-0.17142295837402344,,False
2021-10-24,,0.10542074590921402,0.0,0.0,0.46301424503326416,-4.546072244644165,2,-0.10542074590921402,,False
2021-10-25,,0.050266582518815994,0.0,0.0,0.22900043055415154,-4.213862776756287,2,-0.050266582518815994,,False
2021-10-26,,0.023980936035513878,0.0,0.0,0.3897727057337761,-4.666539907455444,2,-0.023980936035513878,,False
2021-10-27,,1.419087290763855,0.0,0.0,0.09463268890976906,-2.9466209411621094,2,-1.419087290763855,,False
2021-10-28,,1.8247565031051636,0.0,0.0,0.0,-2.2998028993606567,2,-1.8247565031051636,,False
2021-10-29,,1.1929670572280884,0.0,0.0,0.13388196378946304,-2.8454072177410126,2,-1.1929670572280884,,False
2021-10-30,,0.8370677828788757,0.0,0.0,0.06278442591428757,-2.7951691150665283,2,-0.8370677828788757,,False
2021-10-31,,1.9107857942581177,0.0,0.0,0.18240045011043549,-2.5576119422912598,2,-1.9107857942581177,,False
2021-11-01,,2.761960029602051,0.9309917092323303,0.9309917092323303,0.15785875916481018,-1.6084687858819962,2,-1.8309683203697205,,False
2021-11-02,,2.2663474082946777,0.2859567403793335,0.2859567403793335,1.25855253636837,-2.377849817276001,2,-1.9803906679153442,,False
2021-11-03,,3.0336976051330566,1.9960285425186157,0.9251582185104358,1.2030252179441352,-0.08719783027966817,3,-1.037669062614441,,False
2021-11-04,,3.025650978088379,2.4354735215504966,1.6674982623294579,2.000434696674347,-0.05376523733139038,3,-0.5901774565378823,,False
2021-11-05,,2.9539663791656494,2.433792074521383,1.6137213692454628,2.4409547249476113,-0.23991256207227707,3,-0.5201743046442666,,False
2021-11-06,,2.6987593173980713,1.7851171890894573,1.7986776601114065,2.439508636792501,-0.7896982828776041,3,-0.913642128308614,,False
2021-11-07,,2.447783946990967,1.7723952134450276,1.6326668963177693,1.7865463892618816,-0.546800951162974,3,-0.6753887335459392,,False
2021-11-08,,2.3035008907318115,1.5618709325790405,1.5920636087197753,1.7791258096694946,-0.7264943520228068,3,-0.741629958152771,,False
2021-11-09,,2.219974994659424,1.602125883102417,1.5212297838080047,1.5690210064252217,-0.5540390213330587,3,-0.6178491115570068,,False
2021-11-10,,2.078751802444458,1.4614555835723877,1.4434831269224073,1.7188326676065724,-0.7821425000826517,3,-0.6172962188720703,,False
2021-11-11,,1.852869987487793,1.3561219175656636,1.3451426080574107,1.6326751814534266,-0.7602463265260061,3,-0.4967480699221294,,False
2021-11-12,,1.5899935960769653,0.8731396595637003,0.8239683896599075,2.2731445456544557,-1.606361945470174,3,-0.716853936513265,,False
2021-11-13,,1.4523863792419434,1.2641518712043762,1.2075851147555627,1.0202284218830755,-0.23082521557807922,4,-0.18823450803756714,,False
2021-11-14,,1.271367073059082,1.4054303467273712,1.3218485610630033,2.5926400050520897,-0.9672839716076851,4,0.13406327366828918,,False
2021-11-15,,2.655585527420044,3.001187413930893,1.9783218706367796,1.4840901531279087,0.9575988948345184,4,0.345601886510849,,False
2021-11-16,,4.206955432891846,4.218939185142517,1.8401850850455108,3.1357731223106384,0.5871129259467125,4,0.011983752250671387,,False
2021-11-17,,7.620235443115234,8.781689882278442,3.388011106766561,4.458641231060028,2.782726228237152,4,1.161454439163208,,False
2021-11-18,,11.426846504211426,10.785421562194824,1.8334142714731545,9.388365173339844,0.4320789724588394,5,-0.6414249420166023,,False
2021-11-19,,12.715856552124023,15.26174259185791,3.8334497232425457,10.810295009613037,3.529344934225082,5,2.5458860397338867,,False
2021-11-20,,12.775818824768066,14.958098220825196,3.410818986529946,15.257133865356446,1.0012065172195435,5,2.1822793960571296,,False
2021-11-21,,12.624542236328125,15.607099914550782,4.08878368622037,14.953593063354493,1.8464024782180786,5,2.9825576782226566,,False
2021-11-22,,13.158638954162598,16.000223922729493,5.198140068291694,15.683255386352538,1.602652108669281,5,2.8415849685668952,,False
2021-11-23,,16.935646057128906,20.861618518829346,5.843869966880754,16.354652881622314,4.240432644883792,6,3.9259724617004395,,False
2021-11-24,,18.691143035888672,20.93826134999593,5.565435317218018,20.86385711034139,1.2266012926896412,6,2.247118314107258,,False
2021-11-25,,16.95191764831543,20.20088005065918,6.250793795786119,21.23121738433838,1.1358335067828496,6,3.24896240234375,,False
2021-11-26,,17.618457794189453,21.4758882522583,6.062946508795926,20.20540126164754,2.6010632514953613,6,3.8574304580688477,,False
2021-11-27,,17.63202667236328,21.592121124267578,5.83994668744715,21.473002751668293,2.0805262625217438,6,3.960094451904297,,False
2021-11-28,,17.59815216064453,21.747167314801896,5.526232286977795,21.01737948826381,2.4534149169921875,7,4.1490151541573645,,False
2021-11-29,,17.606416702270508,22.091597148350306,5.7112230103599115,21.742306845528738,2.4303727746009827,7,4.485180446079799,,False
2021-11-30,,17.615039825439453,22.910518101283483,6.126510258343604,22.086821692330496,3.0459805577993393,7,5.2954782758440295,,False
2021-12-01,,37.217529296875,37.85605049133301,6.0515491891411575,24.694748640060425,6.881751395761967,8,0.6385211944580078,,False
2021-12-02,,37.2001953125,39.10428428649902,5.292897785490635,37.851287841796875,1.5906040715053678,8,1.9040889739990234,,False
2021-12-03,,37.87784194946289,40.62002658843994,5.498699021379309,39.20483112335205,2.0708839241415262,8,2.742184638977051,,False
2021-12-04,,40.466217041015625,45.20048713684082,6.2311981025710335,40.62073564529419,4.640951314941049,8,4.734270095825195,,False
2021-12-05,,40.50105285644531,45.306729793548584,6.499059557472602,45.19575595855713,2.4605436311103404,8,4.8056769371032715,,False
2021-12-06,,40.5761604309082,45.34858110215929,7.0592267829009945,44.81043455335829,2.6257885793844857,9,4.7724206712510835,,False
2021-12-07,,45.35512161254883,52.23075951470269,7.222769503981145,45.52522616916232,6.727510835561487,9,6.875637902153862,,False
2021-12-08,,47.6761474609375,53.75082778930664,7.7771964310508395,52.23287794325087,3.800742073191537,9,6.074680328369141,,False
2021-12-09,,47.790977478027344,55.53970082600912,7.8504747990833925,53.74799092610677,4.7593801120917005,9,7.748723347981773,,False
2021-12-10,,47.83975601196289,55.78568861219618,8.31573951883153,55.53726577758789,4.101165963957707,9,7.9459326002332915,,False
2021-12-11,,47.83609390258789,55.69698791503906,8.311499770694466,54.986301803588866,4.279834416508675,10,7.860894012451169,,False
2021-12-12,,48.48989486694336,56.52739562988281,8.510546072859142,55.79712600708008,4.382397000305355,10,8.037500762939452,,False
2021-12-13,,51.008724212646484,60.255680847167966,8.02206777844509,56.5871768951416,6.443040522933006,10,9.246956634521482,,False
2021-12-14,,52.70970153808594,61.10629730224609,8.47361900068002,60.269612884521486,4.635334858298302,10,8.396595764160153,,False
2021-12-15,,53.05894088745117,62.17941551208496,8.494197613863648,61.13212203979492,5.0860690712928776,10,9.120474624633786,,False
2021-12-16,,55.27154541015625,63.46967280994762,8.521839372343798,61.640594482421875,5.01186922734434,11,8.198127399791368,,False
2021-12-17,,56.1507682800293,64.55070738358931,8.801704648504638,63.46509205211293,4.742625274441459,11,8.399939103560015,,False
2021-12-18,,55.918155670166016,65.39893583817916,8.710942342576146,64.5459310358221,5.162348966706883,11,9.48078016801314,,False
2021-12-19,,56.0213508605957,65.68552710793234,9.23009458770457,65.45560906150125,4.944862723350525,11,9.664176247336641,,False
2021-12-20,,57.6941032409668,67.97834361683239,9.04610952845111,65.71178470958363,6.2584709254178135,11,10.284240375865593,,False
2021-12-21,,59.22888946533203,67.82310835520427,9.673723328511414,67.27210966746013,4.5733271551628905,12,8.594218889872238,,False
2021-12-22,,59.32651901245117,69.05481179555257,9.324164625207256,67.81817054748535,5.465150537590186,12,9.728292783101395,,False
2021-12-23,,59.87108612060547,69.73377863566081,9.68870093113576,69.08376661936443,5.239769770453374,12,9.862692515055343,,False
2021-12-24,,62.10218048095703,72.79581133524577,9.32381768294966,69.79355335235596,6.814312785863876,12,10.693630854288742,,False
2021-12-25,,62.32173156738281,72.85180568695068,9.626792895905567,72.79105885823567,5.282833357652028,12,10.530074119567871,,False
2021-12-26,,62.338321685791016,72.5594338637132,9.668609082352672,72.03855895996094,5.339966469086134,13,10.22111217792218,,False
2021-12-27,,62.623783111572266,73.84605525090144,9.026538343473659,72.57677459716797,6.210671099332663,13,11.222272139329178,,False
2021-12-28,,62.94819259643555,74.49276322584886,9.022559722191279,73.84201372586764,6.075738315398876,13,11.544570629413315,,False
2021-12-29,,63.17954635620117,76.0386734008789,8.08097359887879,74.54888651921199,7.1508709739607115,13,12.859127044677734,,False
2021-12-30,,65.21622467041016,77.76203859769382,8.202765525165894,76.0649780860314,7.111440713589008,13,12.54581392728366,,False
2021-12-31,,65.28437805175781,79.70157095102164,6.761191440152882,77.75768632155199,8.170254120459923,13,14.417192899263824,,False
2022-01-01,,65.2720947265625,79.14785821097237,7.768851454850823,78.66626685006278,7.190140877451215,14,13.875763484409873,,False
2022-01-02,,65.26524353027344,80.31477464948382,7.12218469976686,79.14285114833287,8.112244042967047,14,15.049531119210386,,False
2022-01-03,,65.3576889038086,81.39003644670758,6.645525383773305,80.3210803440639,8.554078742861748,14,16.03234754289899,,False
2022-01-04,,65.59806823730469,82.5305426461356,6.261619843318142,81.4779690333775,8.995079389640264,14,16.932474408830913,,False
2022-01-05,,71.3260269165039,87.74187796456474,3.6941803998810614,82.68414960588727,10.720070362091064,14,16.41585104806083,,False
2022-01-06,,72.78754425048828,87.98397369384766,6.6363706297088605,86.74198201497396,8.231897576649983,15,15.196429443359378,,False
2022-01-07,,73.94737243652344,90.33499755859376,5.485907369599134,88.04372965494791,9.33725601832072,15,16.387625122070318,,False
2022-01-08,,74.71305847167969,91.50471801757813,6.119147578643483,90.3303009033203,8.979533767700195,15,16.79165954589844,,False
2022-01-09,,75.1139907836914,93.24048055013021,4.379348620384924,91.52603251139323,9.90597988764445,15,18.12648976643881,,False
2022-01-10,103.0,75.64437866210938,93.6464848836263,5.74308243475211,93.24069163004557,9.202308320999146,15,18.002106221516925,9.3535151163737,True
2022-01-11,,75.72990417480469,93.88427679879325,4.783287979511229,93.0360963003976,9.540027107511248,14,18.154372623988564,,False
2022-01-12,,75.7410659790039,93.95003727504185,5.754247488026433,93.87908717564174,9.186135913644518,14,18.208971296037944,,False
2022-01-13,,75.85758972167969,94.64292580740792,4.6996401948234405,93.95052991594586,9.778216293879918,14,18.785336085728233,,False
2022-01-14,,77.11437225341797,95.35180119105748,5.8712442594153,94.81730433872768,9.430481399808611,14,18.237428937639507,,False
2022-01-15,,82.85427856445312,100.15465109688895,2.786016170792302,95.45480782645089,11.012953349522181,14,17.30037253243583,,False
2022-01-16,,84.79692077636719,101.43047496250698,5.13436218066546,100.16454642159599,8.991031203951154,14,16.63355418613979,,False
2022-01-17,,89.68579864501953,106.34075764247349,2.394173891922786,101.62510735648019,10.695550169263567,14,16.65495899745396,,False
2022-01-18,,91.79944610595703,107.92222322736468,4.815142898925013,106.34303610665458,8.888517345700945,14,16.12277712140765,,False
2022-01-19,,92.13294982910156,109.42164938790458,3.846770651731873,107.93833977835519,9.414477450507027,14,17.288699558803017,,False
2022-01-20,113.0,92.51264953613281,109.94086129324776,5.275686097751151,109.42336763654437,9.014043160847255,14,17.42821175711495,3.059138706752236,True
2022-01-21,,92.62120056152344,110.45969038743239,3.846104626864696,109.42283395620493,9.489779435671293,13,17.83848982590895,,False
2022-01-22,,92.73338317871094,110.43960160475511,5.307225506937249,110.45804595947266,8.910998069323027,13,17.706218426044174,,False
2022-01-23,,92.76517486572266,111.05905151367188,4.322979735221285,110.43451631986179,9.519170577709492,13,18.29387664794922,,False
2022-01-24,,92.79224395751953,110.87443131666917,5.5021653193351705,111.05527672400841,9.021240206865164,13,18.082187359149643,,False
2022-01-25,,92.86002349853516,111.48699599045973,4.192971141629662,110.8711911714994,9.684564333695631,13,18.626972491924576,,False
2022-01-26,,93.85773468017578,111.74625103290265,5.634138987224293,111.5906272301307,9.092879882225624,13,17.888516352726867,,False
2022-01-27,,95.94547271728516,114.07607034536508,3.073283387395483,111.75523317777194,10.276631025167612,13,18.130597628079926,,False
2022-01-28,,96.00028991699219,113.69853093073918,5.131995091581264,114.07084244948167,8.742028089670034,13,17.698241013746994,,False
2022-01-29,,96.00975799560547,114.02887373704176,4.877411665542083,113.69333179180438,9.24169347836421,13,18.019115741436295,,False
2022-01-30,,96.04370880126953,113.87217712402344,5.741800849161202,114.03197303185097,8.902806804730343,13,17.828468322753906,,False
2022-01-31,115.0,96.10063171386719,114.64905313345102,3.769437647175861,113.86934074988731,9.726520024813139,13,18.548421419583832,0.35094686654898055,True
2022-02-01,,96.11749267578125,114.06420962015788,5.664464365647765,114.59142430623372,8.786659320195517,12,17.946716944376632,,False
2022-02-02,,96.12580871582031,114.52646191914876,4.550033207408964,114.05895678202312,9.497369170188904,12,18.400653203328446,,False
2022-02-03,,96.1403579711914,114.15656916300456,5.7754005786604035,114.52153778076172,8.899051040410995,12,18.016211191813156,,False
2022-02-04,,96.15264129638672,114.70934041341145,4.292013719759909,114.1513557434082,9.62144911289215,12,18.556699117024735,,False
2022-02-05,,96.16190338134766,114.20078341166179,5.735904050355483,114.70411364237468,8.844877441724142,12,18.038880030314132,,False
2022-02-06,,96.17295837402344,114.6107858022054,4.536982127166251,114.19560623168945,9.491833209991455,12,18.43782742818196,,False
2022-02-07,,96.18045806884766,114.12994321187337,5.82707952069238,114.6060339609782,8.812320311864218,12,17.94948514302571,,False
2022-02-08,,96.73136901855469,115.02153778076172,4.132204213725336,114.16239738464355,9.637226780255636,12,18.29016876220703,,False
2022-02-09,,97.27851867675781,114.84628359476726,5.67763580100101,115.02581405639648,8.769272267818451,12,17.567764918009445,,False
2022-02-10,118.0,97.38636016845703,115.75407282511394,3.655450106169451,114.84605026245117,9.701983094215393,12,18.367712656656906,2.245927174886063,True
2022-02-11,,97.39649963378906,116.64885364879261,2.674341295381178,116.55860207297586,9.741366733204234,11,19.252354015003547,,False
2022-02-12,,97.64827728271484,116.86960324374112,2.591678765824211,116.70808826793323,9.761102676391602,11,19.22132596102628,,False
2022-02-13,,100.17718505859375,118.59724148837003,2.1825377862108684,116.96097772771662,10.090252616188742,11,18.42005642977628,,False
2022-02-14,,102.47663116455078,120.43860071355647,1.9321386134256868,118.71089380437678,9.904249277981846,11,17.961969549005687,,False
2022-02-15,130.0,107.0323486328125,123.90874966708097,1.7372197026005807,120.60270968350497,10.141592545942826,11,16.87640103426847,6.0912503329190315,True
2022-02-16,,109.30149841308594,125.78130340576172,2.1283943265614593,123.8247444152832,9.266720628738403,10,16.47980499267578,,False
2022-02-17,,109.60541534423828,126.563818359375,2.429458482344189,125.7765396118164,8.927934312820435,10,16.958403015136724,,False
2022-02-18,,109.51654052734375,126.96004791259766,2.569555763990847,126.55896911621093,8.982332038879395,10,17.44350738525391,,False
2022-02-19,,109.46321105957031,127.22732086181641,2.673620429414569,126.95491790771484,9.081220340728759,10,17.764109802246097,,False
2022-02-20,130.0,109.46236419677734,127.41658096313476,2.7617117430276727,127.2221694946289,9.138962984085083,10,17.95421676635742,2.583419036865237,True
2022-02-21,,109.40283203125,127.05796135796442,2.55227163513157,126.99557749430339,8.947381496429443,9,17.655129326714416,,False
2022-02-22,,109.29705810546875,127.05148569742839,2.4730558219301337,127.05318790011935,8.966403855217827,9,17.75442759195964,,False
2022-02-23,,109.90187072753906,127.46352216932509,2.349492164898474,127.09208170572917,9.054785145653618,9,17.561651441786026,,False
2022-02-24,,110.4168930053711,127.76642354329427,2.358772316269357,127.4591293334961,8.916803307003445,9,17.349530537923172,,False
2022-02-25,120.0,110.3720474243164,127.77032555474176,2.4411483724920116,127.76320902506511,8.793610678778755,9,17.398278130425354,7.77032555474176,True
2022-02-26,,112.76522827148438,129.4344882965088,2.64730676895243,127.92793464660645,9.165173172950745,8,16.669260025024414,,False
2022-02-27,,113.05133819580078,129.7607479095459,2.9608016220980407,129.42977142333984,8.6011323928833,8,16.709409713745117,,False
2022-02-28,122.0,113.03762817382812,129.87096118927002,3.200656364543275,129.7557601928711,8.55693119764328,8,16.833333015441895,7.8709611892700195,True
2022-03-01,,113.32826232910156,130.9989297049386,2.567909825326825,130.69920349121094,9.054247174944196,7,17.67066737583704,,False
2022-03-02,,113.11811828613281,131.09024265834265,2.597920894784234,131.0457981654576,9.07913064956665,7,17.972124372209834,,False
2022-03-03,,113.03063201904297,131.08777509416853,2.659010994579777,131.08571297781808,9.100737912314278,7,18.057143075125566,,False
2022-03-04,,113.04342651367188,131.12395477294922,2.6001553560560544,131.0834012712751,9.131869520459857,7,18.080528259277344,,False
2022-03-05,135.0,113.05506134033203,131.1814913068499,2.5102813549302834,131.12551770891463,9.163915497916085,7,18.12642996651786,3.8185086931501075,True
2022-03-06,,112.65972900390625,130.52942403157553,2.0036388897375756,130.58034133911133,8.88338271776835,6,17.86969502766928,,False
2022-03-07,,113.53458404541016,131.14779154459634,1.9266487104280534,130.6329231262207,9.042132695515951,6,17.61320749918619,,False
2022-03-08,,112.35160827636719,130.64296086629233,1.958587511848545,131.2353630065918,8.825192530949911,6,18.29135258992514,,False
2022-03-09,,112.32160949707031,130.37909444173178,1.9871201487250845,130.63802591959634,8.874411662419638,6,18.057484944661468,,False
2022-03-10,132.0,112.26119232177734,130.1985092163086,2.0314678229277385,130.40142822265625,8.840997536977133,6,17.93731689453125,1.8014907836914062,True
2022-03-11,,112.19416046142578,130.11917877197266,2.2659093410368953,130.28931274414063,8.908158016204833,5,17.925018310546875,,False
2022-03-12,,112.2120132446289,130.04754333496095,2.2829535306772186,130.11632232666017,8.913291072845459,5,17.835530090332043,,False
2022-03-13,,111.4026870727539,129.99811096191405,2.2521863011328462,130.28660430908204,9.18395013809204,5,18.595423889160145,,False
2022-03-14,,110.44425201416016,129.35015106201172,2.332243422330376,130.0701675415039,9.12321491241455,5,18.905899047851562,,False
2022-03-15,135.0,110.20319366455078,128.88984069824218,2.332918790645351,129.36073303222656,9.137415504455566,5,18.6866470336914,6.110159301757818,True
2022-03-16,,110.13566589355469,128.6213150024414,2.608998411592376,128.93070602416992,9.157245874404907,4,18.48564910888672,,False
2022-03-17,,110.1119155883789,128.35772132873535,2.7076714057382647,128.61645126342773,9.062259197235107,4,18.245805740356445,,False
2022-03-18,,110.1009521484375,128.21638298034668,2.7279905297461333,128.36044692993164,9.05255138874054,4,18.11543083190918,,False
2022-03-19,,110.0895767211914,128.10391807556152,2.76021406689155,128.2117042541504,9.020100474357605,4,18.014341354370117,,False
2022-03-20,127.0,110.09257507324219,128.01914024353027,2.815889134710122,128.10467529296875,8.987273216247559,4,17.926565170288086,1.0191402435302734,True
2022-03-21,,110.04462432861328,129.57385762532553,0.9174612670207807,129.55904388427734,9.907025337219238,3,19.52923329671225,,False
2022-03-22,,109.63282775878906,129.53866577148438,0.7236115277249269,129.67642720540366,10.02619743347168,3,19.905838012695312,,False
2022-03-23,,108.94583892822266,129.2383829752604,0.645020393759566,129.63781229654947,10.095772743225098,3,20.29254404703775,,False
2022-03-24,,108.271240234375,128.81859334309897,0.5894617705848357,129.33511861165366,10.16710344950358,3,20.547353108723968,,False
2022-03-25,140.0,107.90194702148438,128.32440694173178,0.6462910951638967,128.8224080403646,10.113689422607422,3,20.422459920247405,11.67559305826822,True
2022-03-26,,107.92352294921875,127.56538391113281,0.4789886474609375,127.88700866699219,9.633753299713135,2,19.641860961914062,,False
2022-03-27,,107.18028259277344,127.36029815673828,0.590301513671875,127.75006866455078,9.870779037475586,2,20.180015563964844,,False
2022-03-28,,106.19844818115234,126.67139053344727,0.6729164123535156,127.4232292175293,9.837024211883545,2,20.472942352294922,,False
2022-03-29,,106.5675277709961,126.38791275024414,1.0752601623535156,126.72494506835938,9.720939636230469,2,19.820384979248047,,False
2022-03-30,,106.4813003540039,126.0857048034668,1.2240028381347656,126.41648864746094,9.622260093688965,2,19.60440444946289,,False
2022-03-31,138.0,107.12572479248047,126.05244064331055,1.5879096984863281,126.08255386352539,9.437416076660156,2,18.926715850830078,11.947559356689453,True
2022-04-01,,108.25286865234375,116.22272491455078,7.969856262207031,116.35737991333008,3.788916826248169,2,7.969856262207031,,False
2022-04-02,,109.84819030761719,116.43586349487305,7.577617645263672,116.2461929321289,3.2584294974803925,2,6.587673187255859,,False
2022-04-03,,112.07892608642578,117.21038818359375,6.906608581542969,116.45908737182617,2.8130560517311096,2,5.131462097167969,,False
2022-04-04,,114.74346160888672,118.49004364013672,5.883209228515625,117.22840881347656,2.3830892592668533,2,3.74658203125,,False
2022-04-05,48.0,117.92127227783203,120.05813217163086,4.666156768798828,118.49975967407227,1.7403447546530515,2,2.136859893798828,72.05813217163086,True
2022-04-06,,122.27674865722656,119.10260009765625,0.0,115.74051666259766,-0.04447288438677788,1,-3.1741485595703125,,False
2022-04-07,,126.18817901611328,123.15583801269531,0.0,119.24042510986328,0.29439160227775574,1,-3.0323410034179688,,False
2022-04-08,,128.50897216796875,126.84961700439453,0.0,124.4832763671875,0.2682420015335083,1,-1.6593551635742188,,False
2022-04-09,,131.049560546875,129.01370239257812,0.0,126.91470336914062,-0.05597987025976181,1,-2.035858154296875,,False
2022-04-10,,133.41416931152344,131.44708251953125,0.0,129.0589599609375,0.11828716099262238,1,-1.9670867919921875,,False
2022-04-11,,135.09169006347656,134.32105255126953,0.7706375122070312,133.2782440185547,0.09768178313970566,2,-0.7706375122070312,,False
2022-04-12,,136.22634887695312,135.39714813232422,0.32445526123046875,134.32120513916016,0.07459350675344467,2,-0.8292007446289062,,False
2022-04-13,,136.87319946289062,136.39904022216797,0.34027862548828125,135.39530181884766,0.22492843121290207,2,-0.47415924072265625,,False
2022-04-14,,137.1549072265625,137.64189910888672,0.9003677368164062,136.3973159790039,0.8466315940022469,2,0.48699188232421875,,False
2022-04-15,,137.25949096679688,138.17865753173828,1.2202835083007812,137.64083099365234,0.7460746429860592,2,0.9191665649414062,,False
2022-04-16,,137.30532836914062,138.2253875732422,1.2314453125,138.17759704589844,0.5179224386811256,2,0.9200592041015625,,False
2022-04-17,,137.32437133789062,138.21484375,1.24359130859375,138.22450256347656,0.47527487576007843,2,0.890472412109375,,False
2022-04-18,,137.3308563232422,138.19803619384766,1.2442855834960938,138.21646118164062,0.4589249938726425,2,0.8671798706054688,,False
2022-04-19,,137.33274841308594,138.34396362304688,1.017608642578125,138.29754638671875,0.565307006239891,2,1.0112152099609375,,False
2022-04-20,,137.33311462402344,138.4070816040039,0.9488906860351562,138.4018096923828,0.5775431357324123,2,1.0739669799804688,,False
2022-04-21,,137.3334197998047,137.86828104654947,0.6931598028371754,138.41136678059897,0.030254801114400227,3,0.5348612467447822,,False
2022-04-22,,137.3335418701172,139.12728373209634,1.0362715496665629,137.92578125,1.5180269678433735,3,1.7937418619791572,,False
2022-04-23,,137.3331756591797,138.9380849202474,0.7096963213236527,139.12767537434897,0.771617184082667,3,1.6049092610677178,,False
2022-04-24,,137.3052215576172,139.32464090983072,0.8169695462266648,138.9435831705729,1.2570912043253581,3,2.019419352213532,,False
2022-04-25,,137.3187713623047,138.8343505859375,0.5739429414570314,139.32345072428384,0.5822394688924154,3,1.5155792236328125,,False
2022-04-26,,137.32814025878906,138.87695821126303,0.7964025167193368,138.83321126302084,0.847754401465257,3,1.5488179524739678,,False
2022-04-27,,137.33187866210938,138.5447540283203,0.919540454015067,138.8761749267578,0.4952849547068278,3,1.2128753662109375,,False
2022-04-28,,137.33316040039062,138.40159606933594,1.0916184248668133,138.54366048177084,0.5079581439495087,3,1.0684356689453125,,False
2022-04-29,,137.33349609375,138.27962239583334,1.0111629515067915,138.40062967936197,0.45409459869066876,3,0.9461263020833428,,False
2022-04-30,,137.3335418701172,138.23641967773438,0.9861646576563187,138.27877298990884,0.46705997983614606,3,0.9028778076171875,,False
2022-05-01,,137.3335418701172,137.97014617919922,0.8911050020447301,138.01177215576172,0.32387594133615494,4,0.6366043090820312,,False
2022-05-02,,137.3335418701172,138.2256317138672,0.903615729186835,137.97639846801758,0.5954037010669708,4,0.89208984375,,False
2022-05-03,,137.3335418701172,138.32770538330078,1.0212979671728315,138.22431182861328,0.5799453556537628,4,0.9941635131835938,,False
2022-05-04,,137.3335418701172,138.2411346435547,0.9750581152730265,138.32643508911133,0.44680779054760933,4,0.9075927734375,,False
2022-05-05,,137.3335418701172,138.28433227539062,1.0089994196909167,138.2398567199707,0.5304060466587543,4,0.9507904052734375,,False
2022-05-06,,137.3335418701172,138.06647872924805,0.8979668771330269,138.2832794189453,0.29244277998805046,4,0.7329368591308594,,False
2022-05-07,,137.3335418701172,138.48749923706055,1.1334742371314936,138.0727195739746,0.8116298876702785,4,1.1539573669433594,,False
2022-05-08,,137.3335418701172,138.41469192504883,0.9952174437429104,138.48607635498047,0.5460646562278271,4,1.0811500549316406,,False
2022-05-09,,137.3335418701172,138.29541778564453,0.9987590598513464,138.41339111328125,0.45981020480394363,4,0.9618759155273438,,False
2022-05-10,,137.3335418701172,138.21987533569336,0.970777320915012,138.2942237854004,0.4403064474463463,4,0.8863334655761719,,False
2022-05-11,,137.3335418701172,138.018603515625,0.9171101273081009,138.042041015625,0.35640298426151273,5,0.6850616455078011,,False
2022-05-12,,137.3335418701172,137.89095153808594,1.0231803797465437,138.01817932128907,0.23993481695652008,5,0.5574096679687557,,False
2022-05-13,,137.3335418701172,137.86729431152344,0.9035740314585118,137.89107666015624,0.27823944985866544,5,0.53375244140625,,False
2022-05-14,,137.3335418701172,137.8613067626953,0.8511478158947712,137.86856689453126,0.28161549717187884,5,0.5277648925781193,,False
2022-05-15,,137.3335418701172,137.8804168701172,0.9410411063260098,137.98192443847657,0.24624693095684053,5,0.546875,,False
2022-05-16,,137.3335418701172,137.88015747070312,0.9098595188194506,137.88242797851564,0.29405308663845064,5,0.5466156005859375,,False
2022-05-17,,137.3335418701172,137.900732421875,0.8562803694419208,137.8802703857422,0.3155870229005814,5,0.5671905517578182,,False
2022-05-18,,137.3335418701172,137.85950622558593,0.8201947464668234,137.90115356445312,0.263880655169487,5,0.5259643554687443,,False
2022-05-19,,137.3335418701172,137.86410827636718,0.907544076245486,137.9870574951172,0.22704332172870637,5,0.5305664062499886,,False
2022-05-20,,137.3335418701172,137.96119079589843,0.9415686298447623,137.86713256835938,0.3818399727344513,5,0.6276489257812443,,False
2022-05-21,,137.3335418701172,137.87318420410156,0.795460547940389,137.96170043945312,0.24957044795155525,5,0.539642333984375,,False
2022-05-22,,137.3335418701172,137.79661305745444,0.8052630652099938,137.85350290934244,0.22166280448436737,6,0.46307118733724906,,False
2022-05-23,,137.3335418701172,137.83624521891275,1.0145244704098881,137.8091812133789,0.2823639164368312,6,0.5027033487955634,,False
2022-05-24,,137.3335418701172,137.71358998616537,0.8868075382447123,137.85216776529947,0.14231380075216293,6,0.38004811604818656,,False
2022-05-25,,137.3335418701172,137.69856770833334,0.8878221280350699,137.7325007120768,0.18317703902721405,6,0.3650258382161553,,False
2022-05-26,,137.3335418701172,137.6889190673828,0.8709946637149549,137.72891743977866,0.17522779231270155,6,0.355377197265625,,False
2022-05-27,,137.3335418701172,137.7051264444987,0.8633069874241303,137.70907338460287,0.20067084083954492,6,0.37158457438150094,,False
2022-05-28,,137.3335418701172,137.71851348876953,0.8625460787038374,137.72672017415366,0.20551217657824358,6,0.38497161865234375,,False
2022-05-29,,137.3335418701172,137.8414052327474,0.9528282388120319,137.7510248819987,0.31687813500563305,6,0.5078633626302178,,False
2022-05-30,,137.3335418701172,137.78372192382812,0.8662102961170498,137.8580805460612,0.20887940004467964,6,0.4501800537109375,,False
2022-05-31,,137.3335418701172,137.77829233805338,0.8567270079464547,137.86570994059244,0.1989749692826687,6,0.44475046793618844,,False
2022-10-01,,1.4099279642105103,46.47226069654737,18.47437625052883,118.31267665113721,-10.882612773350306,7,45.06233273233686,,False
2022-10-02,,1.2225309610366821,15.903841086796351,5.681307419979725,46.47341331413814,-6.995247840881348,7,14.68131012575967,,False
2022-10-03,,0.9330511093139648,5.914190905434745,2.05901739833631,16.083391325814382,-2.2990372085145543,7,4.98113979612078,,False
2022-10-04,,0.6477832794189453,4.1573770727430075,1.0256670404937935,6.17441041128976,0.8539731757981437,7,3.509593793324062,,False
2022-10-05,,0.39573511481285095,3.294208833149501,1.009296422038719,4.6907297883714945,0.8352081179618835,7,2.8984737183366502,,False
2022-10-06,,0.1704891473054886,3.169792209352766,0.808354052614745,4.079579591751099,1.1159258910587855,7,2.9993030620472774,,False
2022-10-07,,0.08354584127664566,2.940576042447771,1.0652448346512897,3.8333020891462053,1.0523804660354341,7,2.8570302011711255,,False
2022-10-08,,0.027676424011588097,2.8479917219706943,0.6795488466955013,4.1713893328394205,0.8191865001405988,7,2.820315297959106,,False
2022-10-09,,0.002125899074599147,2.739136048725673,1.0764980657488898,3.9487790891102383,0.8308278364794595,7,2.737010149651074,,False
2022-10-10,,0.0005364418029785156,3.01645142691476,0.800348918677834,3.336331605911255,1.411889169897352,7,3.0159149851117815,,False
2022-10-23,,0.010450680740177631,2.6134726578602567,1.4542635079408948,3.0673995713004842,1.134061073884368,8,2.603021977120079,,False
2022-10-24,,0.05837281420826912,3.2662918716669083,1.1583697109165456,2.611080662580207,1.9880051761865616,8,3.207919057458639,,False
2022-10-25,,0.06008148193359375,3.2959694266319275,1.2296779293338518,3.262610137462616,1.6978462524712086,8,3.2358879446983337,,False
2022-10-26,,0.04539887234568596,3.086533784866333,0.7129024232711579,3.8915678560733795,1.186135407537222,8,3.041134912520647,,False
2022-10-27,,0.033160049468278885,2.895105928182602,1.0118691245485703,3.746104434132576,1.0695010460913181,8,2.861945878714323,,False
2022-10-28,,0.9472171664237976,3.7356943637132645,1.4382518258608776,2.9374766498804092,1.8333600275218487,8,2.788477197289467,,False
2022-10-29,,1.0579824447631836,4.5773487985134125,1.1193979520437791,3.7351687103509903,2.2357282787561417,8,3.519366353750229,,False
2022-10-30,,1.5603104829788208,4.272179871797562,1.2741890026259874,4.886726975440979,1.1129416152834892,8,2.711869388818741,,False
2022-10-31,,1.4975467920303345,4.727456033229828,0.7602434541802486,4.705862313508987,1.6852042376995087,8,3.2299092411994934,,False
2022-11-01,,0.9114344716072083,3.983542785048485,1.32776270336302,4.853462338447571,1.1739153861999512,8,3.0721083134412766,,False
2022-11-02,,0.7015466690063477,3.769057035446167,0.9971485950826817,4.320351630449295,1.326988399028778,8,3.0675103664398193,,False
2022-11-03,,0.5010564923286438,3.2519461512565613,1.4414191896173159,3.7242493430773416,1.1977271967464023,9,2.7508896589279175,,False
2022-11-04,,0.37918487191200256,3.0561804374059043,1.4468908006070944,4.603823092248705,0.5887229641278585,9,2.6769955654939017,,False
2022-11-05,,0.2550283968448639,2.8317348692152233,1.383780612662692,4.580185413360596,0.4391448696454366,9,2.5767064723703594,,False
2022-11-06,,0.17325083911418915,2.9490740365452237,1.3744851264928624,3.3505316972732544,1.2445549219846725,9,2.7758231974310346,,False
2022-11-07,,1.5082359313964844,3.491330067316691,1.7571327683001172,3.045384771294064,1.251399462421735,9,1.9830941359202066,,False
2022-11-08,,2.9685299396514893,4.886231210496691,1.95899030390759,3.5828342768881054,1.6298490795824263,9,1.9177012708452015,,False
2022-11-09,,4.449129104614258,6.274503072102864,2.1482450256404637,4.943643252054851,1.5969018836816151,9,1.8253739674886065,,False
2022-11-10,11.0,4.829645156860352,7.825126118130154,1.5887438159158491,6.325138966242473,2.284126877784729,9,2.995480961269802,3.1748738818698463,True
2022-11-11,,5.97544527053833,7.420292556285858,1.6592608728015095,7.537650167942047,0.7019251734018326,8,1.444847285747528,,False
2022-11-12,,8.322715759277344,7.87319153547287,1.745434409930968,7.74469119310379,-0.15736802481114864,8,-0.4495242238044739,,False
2022-11-13,,15.473822593688965,7.094751463996039,4.356725654389822,8.840539561377632,-5.161084413528442,9,-8.379071129692925,,False
2022-11-14,,14.351566314697266,12.605150752597385,3.0602037859292697,7.15902578830719,1.7470254169570074,9,-1.7464155620998802,,False
2022-11-15,,8.078734397888184,11.60749297671848,0.8632296749397478,12.928352038065592,1.1733019683096144,9,3.5287585788302955,,False
2022-11-16,,6.748398303985596,8.167899502648247,2.7870410109872132,11.662271287706163,-0.9646629277202818,9,1.4195011986626511,,False
2022-11-17,,7.493197917938232,8.895821889241537,1.8132426819251275,8.215862274169922,1.0727942784627278,9,1.4026239713033046,,False
2022-11-18,,7.758736610412598,9.654959964752198,1.6884652328353411,8.787457132339478,1.4090655336156488,10,1.8962233543396003,,False
2022-11-19,,8.134464263916016,9.812789154052734,1.4606416605624102,9.761022806167603,0.9041944146156311,10,1.678324890136718,,False
2022-11-20,9.0,11.318305969238281,8.999209833145141,2.0859894173478324,9.88361120223999,-1.603889951109886,10,-2.3190961360931404,0.000790166854859109,True
2022-11-21,,11.51925277709961,11.92220041486952,1.6991455726093359,8.915598498450386,1.679414643181695,9,0.4029476377699108,,False
2022-11-22,,13.227622032165527,12.368489689297146,1.817998770177605,11.986562940809462,-0.2367742872900433,9,-0.8591323428683815,,False
2022-11-23,,13.941924095153809,13.894227695465087,1.9003674550221101,12.532924842834472,0.6551293585449457,10,-0.047696399688721414,,False
2022-11-24,,13.993720054626465,14.969295120239257,1.8035718000829137,13.888053226470948,1.0428386926651,10,0.9755750656127926,,False
2022-11-25,,16.52701759338379,14.340839099884032,1.9044398230795245,15.185710334777832,-1.5116820573806762,10,-2.1861784934997566,,False
2022-11-26,,19.531091690063477,15.260474014282227,3.305169023047865,14.3365309715271,-1.7142357394099235,10,-4.270617675781249,,False
2022-11-27,,19.5465087890625,18.534360027313234,2.118439330967827,15.254074096679688,1.109464094042778,10,-1.0121487617492662,,False
2022-11-28,,19.5496883392334,19.936095324429598,1.6977927711970013,18.6208590594205,0.8534640746021812,11,0.3864069851961993,,False
2022-11-29,,19.552289962768555,19.90055561065674,3.0658095613128764,19.929033279418945,0.16995537907562472,11,0.3482656478881836,,False
2022-11-30,25.0,19.555091857910156,20.12256041440097,2.967181300070223,19.893487323414195,0.4114198620346459,11,0.5674685564908124,4.877439585599031,True
2022-12-01,,40.5714111328125,24.250117735429242,7.420957379939771,21.597507563504305,-6.93668407201767,11,-16.321293397383258,,False
2022-12-02,,40.57646560668945,31.006333437832918,5.0815050827161246,24.240541544827547,-1.498137972571633,11,-9.570132168856535,,False
2022-12-03,,40.58555603027344,33.95708656311035,4.049569731581995,30.996682947332207,-1.8761103451251984,11,-6.628469467163086,,False
2022-12-04,,40.763553619384766,35.24716082486239,3.61530433298867,33.960350730202414,-2.14508577097546,11,-5.516392794522375,,False
2022-12-05,,41.874027252197266,35.46300159801137,3.1772528864198852,35.273032968694515,-3.1389803940599617,11,-6.411025654185899,,False
2022-12-06,,42.8906364440918,36.811890602111816,3.4699055663369367,36.080870151519775,-2.703451563914617,12,-6.0787458419799805,,False
2022-12-07,,43.1189079284668,38.52480888366699,4.144610730288877,36.805222829182945,-1.4648763984441757,12,-4.594099044799805,,False
2022-12-08,,43.15903854370117,39.89590279261271,5.426610361265785,38.515011151631676,-0.9629734680056572,12,-3.2631357510884627,,False
2022-12-09,,43.817317962646484,40.43031485875448,7.2008167183978244,39.929013888041176,-1.4700215784832835,12,-3.387003103892006,,False
2022-12-10,34.0,45.214576721191406,40.5790818532308,8.412428683469903,40.440553506215416,-2.287386248509089,12,-4.63549486796061,6.579081853230797,True
2022-12-11,,48.27455139160156,41.041366736094155,9.883754623674239,41.18192307154337,-3.7356590628623962,12,-7.233184655507408,,False
2022-12-12,,51.56041717529297,41.78312269846598,10.447909862647796,41.06628433863322,-4.585647294918696,12,-9.777294476826988,,False
2022-12-13,,60.04443359375,43.9809357325236,11.975137510480495,42.02366224924723,-7.102943658828735,12,-16.063497861226402,,False
2022-12-14,,63.6910400390625,48.973055839538574,11.80926483291692,43.97133445739746,-4.9054511686166125,12,-14.717984199523926,,False
2022-12-15,,63.75030517578125,54.19801330566406,10.828178718787363,48.96241283416748,-2.2054676363865533,12,-9.552291870117188,,False
2022-12-16,,63.760379791259766,57.45235384427584,10.18506206178995,54.92332546527569,-1.9255326986312866,13,-6.308025946983925,,False
2022-12-17,,63.773136138916016,58.36422318678636,9.776822127216368,57.441294743464546,-2.274441746565012,13,-5.408912952129654,,False
2022-12-18,,63.80156326293945,58.84919650738056,9.712949774557353,58.35319783137395,-2.2451533445945153,13,-4.9523667555588915,,False
2022-12-19,,63.839080810546875,59.13389147244967,9.70441819912624,58.840070284329926,-2.2123736968407264,13,-4.705189338097206,,False
2022-12-20,63.0,63.86024856567383,59.26858813946064,9.702480923823206,59.123092944805435,-2.2249126250927267,13,-4.591660426213188,3.7314118605393602,True
2022-12-21,,64.42062377929688,59.21912589439979,9.894102571377301,59.51621393057016,-2.7450425716546865,13,-5.201497884897087,,False
2022-12-22,,66.0374755859375,58.75264534583459,9.875420382928672,59.213489239032455,-3.859291901955238,13,-7.284830240102913,,False
2022-12-23,,66.24674224853516,59.92863024198092,9.746367564602554,58.74477063692533,-2.5482369569631724,13,-6.318112006554237,,False
2022-12-24,,66.4849853515625,60.44799041748047,9.768324064360904,59.92889345609225,-2.7373375525841346,13,-6.036994934082031,,False
2022-12-25,,66.69036102294922,60.872058574969955,9.764251149750814,60.43628545907828,-2.6666956956569967,13,-5.8183024479792635,,False
2022-12-26,,66.6762466430664,61.759486062186106,9.46263807518865,61.27542849949428,-2.1941265548978532,14,-4.9167605808803,,False
2022-12-27,,66.69690704345703,61.73710223606655,9.351477801572095,61.7473577771868,-2.4638709851673672,14,-4.9598048073904835,,False
2022-12-28,,67.11209106445312,61.320211955479216,9.419078742296474,61.77149445669992,-3.093852162361145,14,-5.791879108973909,,False
2022-12-29,,72.29881286621094,60.267530168805806,10.306214093104884,61.41527312142508,-6.526702744620187,14,-12.031282697405132,,False
2022-12-30,,76.4859848022461,62.407525471278596,10.712970044073979,60.34440885271345,-5.926377756255014,14,-14.078459330967497,,False
2022-12-31,60.0,79.94872283935547,65.57408142089844,10.830921012106975,62.45318331037249,-5.551101156643459,14,-14.374641418457031,5.5740814208984375,True
2023-01-01,,84.85496520996094,69.06342286330003,11.579799343474376,65.90582979642429,-6.222108565844023,13,-15.791542346660904,,False
2023-01-02,,86.54383087158203,73.80752974290114,11.022538623572794,69.09475619976337,-3.932408644602849,13,-12.736301128680893,,False
2023-01-03,,92.70783996582031,76.20700190617488,11.70101267384902,73.95977489764874,-7.0393401659452,13,-16.50083805964543,,False
2023-01-04,,100.21395874023438,80.96069922814003,12.195676032307626,76.28373014009915,-7.163683157700759,13,-19.253259512094345,,False
2023-01-05,,114.92314910888672,89.35188762958234,12.77657437036598,81.29653578538161,-8.569206934708815,13,-25.571261479304383,,False
2023-01-06,,130.2165985107422,101.01830409123347,12.56979044724136,89.43135775052585,-8.555693314625668,13,-29.198294419508713,,False
2023-01-07,,132.24327087402344,112.81048173170824,11.46095798125725,101.01963747464694,-3.635126852072202,13,-19.4327891423152,,False
2023-01-08,,134.0872039794922,118.8790024977464,11.130907787965743,112.85027430607722,-4.500364010150616,13,-15.208201481745789,,False
2023-01-09,,136.4644317626953,123.11918346698468,11.063259870649475,118.88338705209586,-4.48353675695566,13,-13.345248295710633,,False
2023-01-10,125.0,136.46559143066406,127.26741673396184,10.466274987959192,123.10763021615836,-2.478329543883984,13,-9.198174696702225,2.267416733961838,True
2023-01-11,,136.62461853027344,129.71430333455405,10.38445241444027,127.94703038533528,-2.53994490702947,12,-6.910315195719392,,False
2023-01-12,,137.2650604248047,130.63658650716147,10.346218538756721,129.71936988830566,-2.8243929147720337,12,-6.62847391764322,,False
2023-01-13,,137.9041748046875,131.39313952128092,10.326963807766074,130.63694381713867,-2.846985866626104,12,-6.511035283406585,,False
2023-01-14,,138.48056030273438,132.1161085764567,10.300171904990128,131.40404319763184,-2.795656989018122,12,-6.364451726277679,,False
2023-01-15,,139.1784210205078,132.76134808858237,10.291783917468118,132.1147435506185,-2.8531779448191323,12,-6.417072931925446,,False
2023-01-16,,139.62892150878906,133.5195738474528,10.229423064122876,132.76796913146973,-2.648039480050405,12,-6.1093476613362725,,False
2023-01-17,,140.99110412597656,133.78073692321777,10.359718885909183,133.53338305155435,-3.4443585872650146,12,-7.210367202758789,,False
2023-01-18,,141.59666442871094,135.08839416503906,10.250034323654297,133.77386029561362,-2.560013289252917,12,-6.508270263671875,,False
2023-01-19,,141.70437622070312,136.13008626302084,10.08267865410401,135.08604685465494,-2.2376156200965247,12,-5.574289957682282,,False
2023-01-20,122.0,144.1015625,135.87255795796713,10.48872078280259,136.19568379720053,-4.235081056753795,12,-8.229004542032868,13.872557957967132,True
2023-01-21,,145.74998474121094,138.71082097833806,10.597282975455483,136.58107063987038,-2.3961634744297373,11,-7.0391637628728745,,False
2023-01-22,,145.76287841796875,140.47551103071734,10.314332674624866,138.69792314009234,-1.7217821099541404,11,-5.2873673872514075,,False
2023-01-23,,145.7050018310547,141.223764592951,10.21438195386033,140.4671963778409,-1.8391258906234393,11,-4.481237238103688,,False
2023-01-24,,147.07566833496094,141.29844110662287,10.37162711034051,141.2817022150213,-2.846916285428134,11,-5.777227228338063,,False
2023-01-25,,150.87289428710938,141.7754891135476,10.936060561848029,141.3493416526101,-4.271015427329323,11,-9.097405173561782,,False
2023-01-26,,151.69976806640625,144.8522852117365,10.515570966797958,141.7666681463068,-1.8181853890419006,11,-6.8474828546697495,,False
2023-01-27,,151.6427459716797,146.6937852339311,10.234926026619037,144.83955799449575,-1.5146367414431139,11,-4.9489607377485925,,False
2023-01-28,,151.58419799804688,147.48967396129262,10.115976369678046,146.68101501464844,-1.6223866722800515,11,-4.094524036754251,,False
2023-01-29,,151.5504150390625,147.80095187100497,10.019367012367569,147.47740589488637,-1.6956346793608232,11,-3.749463168057531,,False
2023-01-30,,151.57449340820312,148.0613028786399,9.943351986804286,147.7881816517223,-1.6040276939218694,11,-3.513190529563218,,False
2023-01-31,141.0,151.5877227783203,148.27128878506747,9.879492334670196,148.04862143776634,-1.5319880138744006,11,-3.3164339932528435,7.271288785067469,True
2023-02-01,,151.8914794921875,148.81542205810547,10.276490065954736,148.65009765625,-1.4283260822296142,10,-3.0760574340820312,,False
2023-02-02,,152.02713012695312,149.16571350097655,10.205800284110477,148.80273895263673,-1.2196987867355347,10,-2.861416625976574,,False
2023-02-03,,153.11424255371094,149.59994049072264,10.233688639715108,149.2330291748047,-1.5362382054328918,10,-3.5143020629882926,,False
2023-02-04,,157.42410278320312,150.08258819580078,10.953369261062916,149.67830810546874,-3.385875889658928,10,-7.341514587402344,,False
2023-02-05,,160.17974853515625,153.2823043823242,10.76345872471234,150.08949279785156,-1.7429596841335298,10,-6.897444152832037,,False
2023-02-06,,161.38470458984375,156.11971130371094,10.492396785565376,153.29862518310546,-1.1382094323635101,10,-5.264993286132807,,False
2023-02-07,,162.406982421875,158.1036834716797,10.39177190295129,156.13231048583984,-1.101936250925064,10,-4.3032989501953125,,False
2023-02-08,,163.19583129882812,160.00663299560546,10.194650634811904,158.09906158447265,-0.5879917144775391,10,-3.1891983032226676,,False
2023-02-09,,163.9152374267578,161.22083129882813,10.085304494407168,160.0272186279297,-0.7125683784484863,10,-2.694406127929682,,False
2023-02-10,175.0,166.50367736816406,162.58468475341797,10.258752471422927,161.25971527099608,-1.2442166179418563,10,-3.918992614746088,12.415315246582026,True
2023-02-11,,166.88101196289062,165.58041212293836,9.8002747634427,163.7661878797743,0.32235050532552934,9,-1.3005998399522696,,False
2023-02-12,,167.36737060546875,166.1190185546875,9.842965568981214,165.58676486545139,-0.3107767105102539,9,-1.24835205078125,,False
2023-02-13,,167.76454162597656,166.93309190538196,9.78851900112843,166.10581800672742,0.04115965631273058,9,-0.8314497205946054,,False
2023-02-14,,167.77328491210938,167.14721001519098,9.82482904996657,166.91981845431857,-0.16516171561347115,9,-0.6260748969183965,,False
2023-02-15,163.0,168.125244140625,167.3647003173828,9.861057962772678,167.1713121202257,-0.24899519814385307,9,-0.7605438232421875,4.3647003173828125,True
2023-02-16,,169.48240661621094,168.07017517089844,10.560738689945032,167.42637825012207,-0.3337315693497658,8,-1.4122314453125,,False
2023-02-17,,169.521484375,168.87662315368652,10.435158010886864,168.05751419067383,0.1323755607008934,8,-0.6448612213134766,,False
2023-02-18,,169.65029907226562,168.91083908081055,10.500707047615192,168.88059425354004,-0.31924911588430405,8,-0.7394599914550781,,False
2023-02-19,,170.98292541503906,169.20978927612305,10.722748177002064,168.91790008544922,-0.6910027004778385,8,-1.7731361389160156,,False
2023-02-20,168.0,171.13717651367188,170.19626426696777,10.554541253511653,169.19719886779785,0.08075998350977898,8,-0.9409122467041016,2.1962642669677734,True
2023-02-21,,171.15711975097656,169.7661852155413,11.548351474402907,170.24440220424108,-0.8893851382391793,7,-1.3909345354352638,,False
2023-02-22,,171.46385192871094,169.9622344970703,11.641687178463503,169.75665283203125,-0.597254046372005,7,-1.501617431640625,,False
2023-02-23,,172.84774780273438,169.6454075404576,12.057191681019022,169.9815455845424,-1.693814754486084,7,-3.2023402622767776,,False
2023-02-24,,174.3440704345703,170.93702479771204,12.074254042238,169.69573538643974,-0.9824328252247402,7,-3.407045636858271,,False
2023-02-25,163.0,184.2054443359375,171.44059317452567,13.904472836423396,171.1082763671875,-5.975470679146903,7,-12.764851161411826,8.440593174525674,True
2023-02-26,,186.97061157226562,180.98877716064453,12.841748818000438,172.29907735188803,1.66136368115743,6,-5.981834411621094,,False
2023-02-27,,186.90304565429688,185.236083984375,11.932159037340009,180.9757334391276,1.434986837208271,6,-1.666961669921875,,False
2023-02-28,187.0,186.76881408691406,186.28812408447266,12.0028356961299,185.22386678059897,0.35916616519292194,6,-0.48069000244140625,0.7118759155273438,True
2023-03-01,,96.69458770751953,157.10431823730468,6.104279433977856,186.7451629638672,13.423920822143554,5,60.40973052978515,,False
2023-03-02,,96.64302825927734,141.32984313964843,2.8141182225135144,157.15743103027344,13.09713535308838,5,44.68681488037109,,False
2023-03-03,,95.7286148071289,132.0319793701172,1.5232558164220404,141.3957305908203,12.455144882202148,5,36.30336456298829,,False
2023-03-04,,95.83850860595703,126.1205810546875,1.5735736470109754,132.0209930419922,11.38431510925293,5,30.282072448730474,,False
2023-03-05,151.0,95.46818542480469,121.81092376708985,2.24402549991696,126.24994659423828,10.267930030822754,5,26.34273834228516,29.189076232910153,True
2023-03-06,,95.1025390625,116.51995086669922,1.68217077918561,120.82466125488281,7.911213159561157,4,21.41741180419922,,False
2023-03-07,,95.57905578613281,111.84221458435059,2.0417449062314748,116.6158275604248,5.219263732433319,4,16.263158798217773,,False
2023-03-08,,98.16683197021484,105.25028228759766,3.0618314617938003,111.84431838989258,-0.09524214267730713,4,7.0834503173828125,,False
2023-03-09,,98.49134063720703,100.00692176818848,2.9732944250595037,105.23883056640625,-2.0276359245181084,4,1.5155811309814453,,False
2023-03-10,96.0,98.56019592285156,95.85605430603027,0.9164656641881743,99.99532890319824,-3.457985356450081,4,-2.704141616821289,0.14394569396972656,True
2023-03-11,,98.6668472290039,91.3472162882487,1.195966215690708,95.81651306152344,-5.816919485727946,3,-7.319630940755204,,False
2023-03-12,,98.9753189086914,90.12359619140625,2.2580158636768295,91.40931193033855,-4.873302062352498,3,-8.851722717285156,,False
2023-03-13,,99.25537109375,90.6739018758138,2.902766668494003,90.1113510131836,-3.7778544425964355,3,-8.581469217936203,,False
2023-03-14,,99.31591796875,90.7194112141927,3.1049504409635063,90.66196187337239,-4.052544355392456,3,-8.596506754557296,,False
2023-03-15,87.0,99.7553939819336,90.17993418375652,2.9908314406944587,90.72274017333984,-4.832765658696492,3,-9.575459798177079,3.179934183756515,True
2023-03-16,,99.51007843017578,88.91447448730469,2.7373123168945312,89.00991821289062,-5.092052578926086,2,-10.595603942871094,,False
2023-03-17,,99.2101821899414,88.6460075378418,2.7834815979003906,88.92461395263672,-5.1722092628479,2,-10.56417465209961,,False
2023-03-18,,99.34445190429688,88.56513214111328,2.9562225341796875,88.64183044433594,-5.1684558391571045,2,-10.779319763183594,,False
2023-03-19,,99.23896026611328,88.42964172363281,2.69195556640625,88.60250473022461,-5.233928918838501,2,-10.809318542480469,,False
2023-03-20,54.0,99.08959197998047,88.64715194702148,1.9917945861816406,88.41653442382812,-4.8467254638671875,2,-10.442440032958984,34.647151947021484,True
2023-03-21,,99.17779541015625,86.5269546508789,0.0,86.64306640625,-6.118503093719482,1,-12.650840759277344,,False
2023-03-22,,99.22343444824219,86.06925201416016,0.0,86.51493835449219,-6.531277656555176,1,-13.154182434082031,,False
2023-03-23,,99.26847839355469,85.57521057128906,0.0,86.05770111083984,-6.80861234664917,1,-13.693267822265625,,False
2023-03-24,,99.3110580444336,85.25665283203125,0.0,85.56407928466797,-6.8903117179870605,1,-14.054405212402344,,False
2023-03-25,28.0,99.56566619873047,84.77355194091797,0.0,85.24720001220703,-7.330200672149658,1,-14.7921142578125,56.77355194091797,True
2023-05-13,,137.3335418701172,137.3335418701172,0.0,137.3335418701172,0.0,1,0.0,,False
2023-05-14,,137.3335418701172,138.05096435546875,0.0,137.47677612304688,0.647343099117279,1,0.7174224853515625,,False
2023-05-15,,137.3335418701172,138.39529418945312,0.0,138.04742431640625,0.7123998999595642,1,1.0617523193359375,,False
2023-05-16,,137.3335418701172,138.78713989257812,0.0,138.39512634277344,0.9341027736663818,1,1.4535980224609375,,False
2023-05-17,,137.3335418701172,138.9747772216797,0.0,138.78358459472656,0.9316230416297913,1,1.6412353515625,,False
2023-05-18,,137.3335418701172,139.04876708984375,0.0,138.9709014892578,0.9139595031738281,1,1.7152252197265625,,False
2023-05-19,,137.3335418701172,139.21522521972656,0.0,139.04530334472656,1.0439859628677368,1,1.881683349609375,,False
2023-05-20,,137.3335418701172,139.41966247558594,0.0,139.2120819091797,1.1668297052383423,1,2.08612060546875,,False
2023-05-21,,137.3335418701172,139.57464599609375,0.0,139.4163360595703,1.221854329109192,1,2.2411041259765625,,False
2023-05-22,,137.3335418701172,139.7816162109375,0.0,139.57179260253906,1.3527586460113525,1,2.4480743408203125,,False
2023-05-23,,137.3335418701172,138.65023803710938,1.3166961669921875,138.5565414428711,0.718201220035553,2,1.3166961669921875,,False
2023-05-24,,137.3335418701172,137.74945831298828,2.4007186889648438,138.64994049072266,-0.2282780408859253,2,0.41591644287109375,,False
2023-05-25,,137.3335418701172,137.63882446289062,2.6162261962890625,137.74834442138672,0.0997152328491211,2,0.3052825927734375,,False
2023-05-26,,137.3335418701172,137.60350036621094,2.711395263671875,137.6373291015625,0.11828911304473877,2,0.26995849609375,,False
2023-05-27,,137.3335418701172,137.5426254272461,2.6524429321289062,137.60132598876953,0.07485157251358032,2,0.20908355712890625,,False
2023-05-28,,137.3335418701172,137.43820190429688,2.5689239501953125,137.612548828125,-0.034976840019226074,2,0.1046600341796875,,False
2023-05-29,,137.3335418701172,137.49454498291016,2.6974868774414062,137.4515838623047,0.10005128383636475,2,0.16100311279296875,,False
2023-05-30,,137.3335418701172,137.56027221679688,2.778411865234375,137.50745391845703,0.13833701610565186,2,0.2267303466796875,,False
2023-05-31,,137.3335418701172,137.62379455566406,2.9022979736328125,137.55962371826172,0.17629402875900269,2,0.290252685546875,,False
2023-10-01,,0.0,54.6060733795166,1.5004558563232422,137.62621307373047,-12.568167686462402,2,54.6060733795166,,False
2023-10-02,,0.0,14.730618158976236,12.335981894281314,36.40194193522135,-3.0371784369150796,3,14.730618158976236,,False
2023-10-03,,0.0,5.656951865802209,6.690983430268,14.763142664606372,-1.555363488694032,3,5.656951865802209,,False
2023-10-04,,0.0,2.143359544376532,2.7306220212428864,5.661366358399391,-0.6253128287692865,3,2.143359544376532,,False
2023-10-05,,0.0,0.5685573816299438,0.47490494313228243,2.1438897078235946,-0.4800010472536087,3,0.5685573816299438,,False
2023-10-06,,0.0,0.17317252606153488,0.16851426731472866,0.5691005686918894,-0.3138748457034429,3,0.17317252606153488,,False
2023-10-07,,0.0,0.16431169708569845,0.1678568418879476,0.1774930159250895,-0.19050985326369604,3,0.16431169708569845,,False
2023-10-08,,0.0,0.1683939372499784,0.1774786688590025,0.20298751071095467,-0.19967227863768736,3,0.1683939372499784,,False
2023-10-09,,0.0,0.16235007842381796,0.181206620771559,0.17289672046899796,-0.1936578800280889,3,0.16235007842381796,,False
2023-10-10,,0.0,0.15947523464759192,0.1877525980055239,0.16713928679625192,-0.19628528070946535,3,0.15947523464759192,,False
2023-10-11,,0.0,0.15523807580272356,0.19444110925978017,0.16469868024190268,-0.19718086797123155,3,0.15523807580272356,,False
2023-10-12,,0.0,0.18617139756679535,0.21498549887506044,0.1894074206550916,-0.2638009774188201,3,0.18617139756679535,,False
2023-10-13,,0.0,0.15916952242453894,0.1713392326719796,0.2795493006706238,-0.4323547938838601,3,0.15916952242453894,,False
2023-10-14,,0.0,0.17005984981854758,0.17491210515284863,0.21493839472532272,-0.39134369790554047,3,0.17005984981854758,,False
2023-10-15,,0.0,0.18017938484748205,0.18414267953141242,0.30665066341559094,-0.4188896755998333,3,0.18017938484748205,,False
2023-10-16,,0.0,0.16131787498792013,0.159012979571297,0.18435025758420429,-0.4355291314423084,3,0.16131787498792013,,False
2023-10-17,,0.0,0.16145402193069458,0.1601228060507947,0.16094835102558136,-0.4349258231619994,3,0.16145402193069458,,False
2023-10-18,,0.0,0.18051704267660776,0.179412249296354,0.16235768795013428,-0.3803195580840111,3,0.18051704267660776,,False
2023-10-19,,0.0,0.17607236405213675,0.18763426980542866,0.18200953553120294,-0.38563526545961696,3,0.17607236405213675,,False
2023-10-20,,0.0,0.16802126914262772,0.17804483604423516,0.17710187782843909,-0.4230143552025159,3,0.16802126914262772,,False
2023-10-21,,0.0,0.15436283499002457,0.1611004386180339,0.18492438892523447,-0.4811176396906376,3,0.15436283499002457,,False
2023-10-22,,0.0,0.18801476061344147,0.20540675904260236,0.359698827068011,-0.4471467814097802,3,0.18801476061344147,,False
2023-10-23,,0.021656354889273643,0.08424768845240276,0.11914422360797115,0.2633368546764056,-0.750066644201676,3,0.06259133356312911,,False
2023-10-24,,0.034113723784685135,0.08631871143976848,0.1220730924046902,0.0829399327437083,-0.6505332303543886,3,0.05220498765508334,,False
2023-10-25,,0.015000502578914165,0.13492316535363594,0.18707466090159597,0.0907388732690985,-0.4972133633370201,3,0.11992266277472177,,False
2023-10-26,,0.0025033950805664062,0.1417632264395555,0.17879772697275736,0.37431954840819043,-0.5497033086915811,3,0.1392598313589891,,False
2023-10-27,,0.05028645321726799,0.0,0.0,0.14044323501487574,-1.2038911581039429,3,-0.05028645321726799,,False
2023-10-28,,0.07180372625589371,0.0,0.0,0.0,-1.2825529749194782,3,-0.07180372625589371,,False
2023-10-29,,1.941402792930603,0.331490953763326,0.46879900261608826,0.1919273336728414,-1.2465747892856598,3,-1.609911839167277,,False
2023-10-30,,1.0876059532165527,0.46787692109743756,0.45892911960732397,0.5356420973936716,-0.9284568714598814,3,-0.6197290321191151,,False
2023-10-31,,0.3457268178462982,0.2001765569051107,0.21884605388471406,0.7439755996068319,-0.9450387954711914,3,-0.14555026094118753,,False
2023-11-01,,0.7012088894844055,0.2989608148733775,0.33385398789973686,0.41976575553417206,-0.9079409241676331,3,-0.402248074611028,,False
2023-11-02,,4.1687092781066895,0.5327100356419882,0.7533657572171544,0.6105548540751139,-2.2634315888086953,3,-3.635999242464701,,False
2023-11-03,,5.38867712020874,0.9423796335856119,1.3327260587209604,0.5374569358925024,-2.872280796368917,3,-4.446297486623128,,False
2023-11-04,,5.219221115112305,1.1212929884592693,1.5857477516729568,0.9440906015224755,-2.749830663204193,3,-4.097928126653035,,False
2023-11-05,,5.694349765777588,1.4619658788045247,2.0172206067780007,1.1613588128238916,-2.6594323217868805,3,-4.2323838869730634,,False
2023-11-06,,5.887786388397217,1.6616746584574382,2.3499628382421895,1.4628030176584919,-2.8166031489769616,3,-4.226111729939778,,False
2023-11-07,,5.819082260131836,1.8439022699991863,2.6076715979233853,1.6638877838850021,-2.695108264684677,3,-3.9751799901326494,,False
2023-11-08,,5.712965965270996,1.8153363863627117,2.5672733378635115,1.8460553012167413,-2.7226280023654303,3,-3.897629578908284,,False
2023-11-09,,5.479971408843994,1.8107062975565593,2.4836211902134413,1.8280434852155547,-2.5676820327838263,3,-3.6692651112874346,,False
2023-11-10,,3.3750534057617188,1.1596201658248901,1.5892692587206605,1.8185507751380403,-2.3459940751393638,3,-2.2154332399368286,,False
2023-11-11,,1.6526182889938354,0.5493841965993246,0.7769465817842116,1.1657613199204206,-1.8941092093785603,3,-1.1032340923945108,,False
2023-11-12,,0.9529590606689453,0.27214036385218304,0.384864593428906,0.6235486567020416,-1.5280446410179138,3,-0.6808186968167622,,False
2023-11-13,,0.626683235168457,0.15494729081789652,0.2191285601276374,0.3084960803389549,-1.4492486814657848,3,-0.47173594435056054,,False
2023-11-14,,1.1803706884384155,0.3170788089434306,0.4484171519489069,0.20821254700422287,-1.2954941963156064,3,-0.8632918794949849,,False
2023-11-15,,0.9990930557250977,0.28454697132110596,0.4024101859744962,0.31563740968704224,-1.411856785416603,3,-0.7145460844039917,,False
2023-11-16,,0.6816585659980774,0.21397697925567627,0.3026091460990038,0.283172594611339,-1.2234088132778804,3,-0.4676815867424011,,False
2023-11-17,,0.3610452115535736,0.11265955368677776,0.1593246687547409,0.25025396545728046,-1.1695585002501805,3,-0.24838565786679584,,False
2023-11-18,,0.11362632364034653,0.07682652274767558,0.1086491104197279,0.1321521612505118,-0.9604920540004969,3,-0.036799800892670945,,False
2023-11-19,,0.09238719940185547,0.0,0.0,0.08121642749756575,-1.6431357165177662,3,-0.09238719940185547,,False
2023-11-20,,0.2130270004272461,0.0,0.0,0.0,-2.1773550510406494,3,-0.2130270004272461,,False
2023-11-21,,0.22172927856445312,0.0,0.0,0.0,-2.4001316030820212,3,-0.22172927856445312,,False
2023-11-22,,0.2161264419555664,0.0,0.0,0.0,-2.0350786646207175,3,-0.2161264419555664,,False
2023-11-23,,1.3780394792556763,0.1776920954386393,0.25129457129581817,0.11031429717938106,-1.7482861975828807,3,-1.2003473838170369,,False
2023-11-24,,2.878586530685425,0.51499871412913,0.7283181661261202,0.24344254036744437,-1.9459892610708873,3,-2.363587816556295,,False
2023-11-25,,4.906316757202148,0.9379043579101562,1.3263970631653723,0.578552013883988,-2.793615311384201,3,-3.968412399291992,,False
2023-11-26,,5.007704257965088,1.0704334576924641,1.5138215134866095,0.9393011870173117,-3.125297029813131,3,-3.937270800272624,,False
2023-11-27,,4.950264930725098,1.1786186695098877,1.6668185072870159,1.0717429146170616,-3.0934016704559326,3,-3.77164626121521,,False
2023-11-28,,4.938880443572998,1.2667675018310547,1.7914797814629622,1.1799051028986771,-3.2100113729635873,3,-3.6721129417419434,,False
2023-11-29,,4.9212775230407715,1.3428049087524414,1.899012913578869,1.2680336747628946,-3.0943716863791146,3,-3.57847261428833,,False
2023-11-30,,5.047818183898926,1.4792695045471191,2.0920029957354647,1.435348021487395,-2.826520949602127,3,-3.5685486793518066,,False
2023-12-01,,17.34454917907715,2.910498778025309,2.0581631890631527,1.500492813065648,-6.9168464342753095,3,-14.43405040105184,,False
2023-12-02,,18.051340103149414,3.571165402730306,1.2995233546395455,2.9397030950834355,-7.155977567036946,3,-14.480174700419107,,False
2023-12-03,,19.134946823120117,4.738093217213948,1.1133376437139268,3.9917686780293784,-7.053401152292888,3,-14.39685360590617,,False
2023-12-04,,20.1839542388916,5.206207116444905,1.4139080964186799,4.7669516404469805,-7.4985283215840655,3,-14.977747122446697,,False
2023-12-05,,27.35219383239746,8.15546989440918,0.764774617316157,5.548207759857178,-8.61646556854248,3,-19.19672393798828,,False
2023-12-06,,36.03452682495117,12.789251009623209,0.5061406783570195,8.263113339742025,-9.771224021911621,3,-23.245275815327965,,False
2023-12-07,,35.745296478271484,14.718856811523438,0.3021320298637979,12.797014872233072,-9.893547693888346,3,-21.026439666748047,,False
2023-12-08,,35.79438400268555,15.819883982340494,0.8131929881404351,14.722546577453613,-9.74886385599772,3,-19.974500020345054,,False
2023-12-09,,35.811920166015625,16.474421819051106,1.1513105126416985,15.822877566019693,-9.635540326436361,3,-19.33749834696452,,False
2023-12-10,17.0,35.81904602050781,16.92329438527425,1.3943096694662402,16.477526028951008,-9.507098197937012,3,-18.895751635233562,0.07670561472574988,True
2023-12-11,,35.86083984375,18.492326736450195,0.019792556762695312,17.907634735107422,-8.6942138671875,2,-17.368513107299805,,False
2023-12-12,,35.899105072021484,18.810998916625977,0.10999107360839844,18.49103355407715,-8.677382946014404,2,-17.088106155395508,,False
2023-12-13,,35.922000885009766,18.968904495239258,0.2607860565185547,18.8094482421875,-8.685619831085205,2,-16.953096389770508,,False
2023-12-14,,35.931400299072266,19.10030460357666,0.3746061325073242,18.967379570007324,-8.635929584503174,2,-16.831095695495605,,False
2023-12-15,,35.93516540527344,19.252842903137207,0.44203662872314453,19.098600387573242,-8.54914665222168,2,-16.68232250213623,,False
2023-12-16,,35.949546813964844,19.416584968566895,0.48229312896728516,19.25122356414795,-8.466822147369385,2,-16.53296184539795,,False
2023-12-17,,35.9592170715332,19.509477615356445,0.5350360870361328,19.414795875549316,-8.458100318908691,2,-16.449739456176758,,False
2023-12-18,,35.966644287109375,19.672077178955078,0.5372390747070312,19.507670402526855,-8.344403266906738,2,-16.294567108154297,,False
2023-12-19,,35.91440200805664,20.173930168151855,0.35962772369384766,19.688454627990723,-7.9029107093811035,2,-15.740471839904785,,False
2023-12-20,21.0,37.29806137084961,21.20183277130127,0.3249654769897461,20.243993759155273,-7.857949256896973,2,-16.09622859954834,0.20183277130126953,True
2023-12-21,,40.0853271484375,22.497283935546875,0.0,20.93438720703125,-8.40451717376709,1,-17.588043212890625,,False
2023-12-22,,42.02983474731445,24.09152603149414,0.0,22.497486114501953,-8.571885108947754,1,-17.938308715820312,,False
2023-12-23,,42.02488327026367,24.94725799560547,0.0,24.08684730529785,-8.475726127624512,1,-17.077625274658203,,False
2023-12-24,,41.99574279785156,25.82271957397461,0.0,24.94259262084961,-7.995460510253906,1,-16.173023223876953,,False
2023-12-25,,41.52658462524414,26.478607177734375,0.0,25.81810760498047,-7.515228748321533,1,-15.047977447509766,,False
2023-12-26,,42.45489501953125,27.189308166503906,0.0,26.523305892944336,-7.625845909118652,1,-15.265586853027344,,False
2023-12-27,,44.760379791259766,28.347457885742188,0.0,27.30490493774414,-8.042427062988281,1,-16.412921905517578,,False
2023-12-28,,52.02669143676758,31.002105712890625,0.0,28.38437271118164,-9.687291145324707,1,-21.024585723876953,,False
2023-12-29,,52.303165435791016,33.294898986816406,0.0,31.01407814025879,-8.799428939819336,1,-19.00826644897461,,False
2023-12-30,36.0,53.41571044921875,35.06233596801758,0.0,33.355873107910156,-8.734002113342285,1,-18.353374481201172,0.9376640319824219,True
